"the_geom","fid","area","perimeter","district_","district_i","ad_char","ad_code","name","fullspell","x_coord","y_coord","diameter","area_flag","x_center","y_center"
"POINT (121.6352638405348 30.74185505642065)","1","0.0","0.0","3.0","2.0","$HAIYU","310100","??","","0.0","0.0","0.0","0","0.0","0.0"
"POINT (121.37547538475293 31.530294909403786)","2","0.0","0.0","4.0","3.0","$HAIYU","320500","??","","0.0","0.0","0.0","0","0.0","0.0"
"POINT (116.94755650617425 30.645081946726936)","18","0.0","0.0","685.0","4400.0","TOL","340700","???","TONGLINGSHI","0.0","0.0","0.0","0","0.0","0.0"
"POINT (122.15412684811115 29.969824796053615)","100","0.0","0.0","1376.0","6168.0","ZOS","330900","???","ZHOUSHANSHI","0.0","0.0","0.0","0","0.0","0.0"
"POINT (122.1401049902221 29.983017559310014)","101","0.0","0.0","1377.0","6169.0","ZOS","330900","???","ZHOUSHANSHI","0.0","0.0","0.0","0","0.0","0.0"
"POINT (122.14847992595962 29.980749048608246)","102","0.0","0.0","1378.0","6170.0","ZOS","330900","???","ZHOUSHANSHI","0.0","0.0","0.0","0","0.0","0.0"
"POINT (122.15144403986865 29.98242651742672)","103","0.0","0.0","1379.0","6171.0","ZOS","330900","???","ZHOUSHANSHI","0.0","0.0","0.0","0","0.0","0.0"
"POINT (122.1507132362143 29.98566226257977)","104","0.0","0.0","1380.0","6172.0","ZOS","330900","???","ZHOUSHANSHI","0.0","0.0","0.0","0","0.0","0.0"
"POINT (122.18359383569442 29.97987479249216)","105","0.0","0.0","1381.0","6173.0","ZOS","330900","???","ZHOUSHANSHI","0.0","0.0","0.0","0","0.0","0.0"
"POINT (122.10467726014006 29.99781960181117)","106","0.0","0.0","1382.0","6175.0","ZOS","330900","???","ZHOUSHANSHI","0.0","0.0","0.0","0","0.0","0.0"
"POINT (122.09266534282435 29.977837702312875)","107","0.0","0.0","1383.0","6176.0","ZOS","330900","???","ZHOUSHANSHI","0.0","0.0","0.0","0","0.0","0.0"
"POINT (122.08275454838653 29.972448454320734)","108","0.0","0.0","1384.0","6177.0","ZOS","330900","???","ZHOUSHANSHI","0.0","0.0","0.0","0","0.0","0.0"
"POINT (122.09330524526894 29.96552629096986)","109","0.0","0.0","1385.0","6178.0","ZOS","330900","???","ZHOUSHANSHI","0.0","0.0","0.0","0","0.0","0.0"
"POINT (122.15856137837426 31.248628934938637)","9","0.0","0.0","59.0","61.0","$HAIYU","310100","??","","0.0","0.0","0.0","0","0.0","0.0"
"POINT (122.08582717023225 29.95906009643715)","110","0.0","0.0","1386.0","6179.0","ZOS","330900","???","ZHOUSHANSHI","0.0","0.0","0.0","0","0.0","0.0"
"POINT (122.06975054275134 29.94927944788884)","111","0.0","0.0","1387.0","6180.0","ZOS","330900","???","ZHOUSHANSHI","0.0","0.0","0.0","0","0.0","0.0"
"POINT (122.07458943920486 29.956894453271683)","112","0.0","0.0","1388.0","6181.0","ZOS","330900","???","ZHOUSHANSHI","0.0","0.0","0.0","0","0.0","0.0"
"POINT (121.90158903876417 30.229807842307444)","225","0.0","0.0","1501.0","4534.0","ZOS","330900","???","ZHOUSHANSHI","0.0","0.0","0.0","0","0.0","0.0"
"POINT (122.05901031417804 29.941585374010298)","113","0.0","0.0","1389.0","6182.0","ZOS","330900","???","ZHOUSHANSHI","0.0","0.0","0.0","0","0.0","0.0"
"POINT (122.01446802707376 29.908585760253153)","114","0.0","0.0","1390.0","6183.0","NGB","330200","???","NINGBOSHI","0.0","0.0","0.0","0","0.0","0.0"
"POINT (122.02796886395475 29.907847175453025)","115","0.0","0.0","1391.0","6184.0","NGB","330200","???","NINGBOSHI","0.0","0.0","0.0","0","0.0","0.0"
"POINT (122.01216017717779 29.8968521573977)","116","0.0","0.0","1392.0","6185.0","NGB","330200","???","NINGBOSHI","0.0","0.0","0.0","0","0.0","0.0"
"POINT (122.15584795589746 29.896285189755595)","117","0.0","0.0","1393.0","6187.0","NGB","330200","???","NINGBOSHI","0.0","0.0","0.0","0","0.0","0.0"
"POINT (122.06875375345871 29.974884329842673)","118","0.0","0.0","1394.0","6188.0","ZOS","330900","???","ZHOUSHANSHI","0.0","0.0","0.0","0","0.0","0.0"
"POINT (121.68182619240305 31.400908250759525)","10","0.0","0.0","651.0","4320.0","","310100","????","SHANGHAICHENGQU","0.0","0.0","0.0","0","0.0","0.0"
"POINT (121.07556469220079 27.461021035230118)","119","0.0","0.0","1395.0","6308.0","WNZ","330300","???","WENZHOUSHI","0.0","0.0","0.0","0","0.0","0.0"
"POINT (121.09222556087313 27.490724604526008)","120","0.0","0.0","1396.0","6309.0","WNZ","330300","???","WENZHOUSHI","0.0","0.0","0.0","0","0.0","0.0"
"POINT (121.06267129150666 27.48152753139964)","121","0.0","0.0","1397.0","6310.0","WNZ","330300","???","WENZHOUSHI","0.0","0.0","0.0","0","0.0","0.0"
"POINT (121.08353480349727 27.429097141626055)","122","0.0","0.0","1398.0","6311.0","WNZ","330300","???","WENZHOUSHI","0.0","0.0","0.0","0","0.0","0.0"
"POINT (121.11455316762049 27.46828604025074)","123","0.0","0.0","1399.0","6312.0","WNZ","330300","???","WENZHOUSHI","0.0","0.0","0.0","0","0.0","0.0"
"POINT (121.13063763714068 27.469941350940715)","124","0.0","0.0","1400.0","6313.0","WNZ","330300","???","WENZHOUSHI","0.0","0.0","0.0","0","0.0","0.0"
"POINT (122.48298090391327 30.668653330872882)","142","0.0","0.0","1418.0","4399.0","ZOS","330900","???","ZHOUSHANSHI","0.0","0.0","0.0","0","0.0","0.0"
"POINT (121.06710222076092 27.440663115641122)","125","0.0","0.0","1401.0","6315.0","WNZ","330300","???","WENZHOUSHI","0.0","0.0","0.0","0","0.0","0.0"
"POINT (122.68549984927301 30.84809035378848)","126","0.0","0.0","1402.0","5576.0","ZOS","330900","???","ZHOUSHANSHI","0.0","0.0","0.0","0","0.0","0.0"
"POINT (122.69765747387119 30.833503906780102)","127","0.0","0.0","1403.0","4357.0","ZOS","330900","???","ZHOUSHANSHI","0.0","0.0","0.0","0","0.0","0.0"
"POINT (121.60656483244681 31.462853091449727)","11","0.0","0.0","652.0","4321.0","","310100","????","SHANGHAICHENGQU","0.0","0.0","0.0","0","0.0","0.0"
"POINT (122.69812584849221 30.83166761723332)","128","0.0","0.0","1404.0","4358.0","ZOS","330900","???","ZHOUSHANSHI","0.0","0.0","0.0","0","0.0","0.0"
"POINT (122.79881635289598 30.693502300909458)","129","0.0","0.0","1405.0","4391.0","ZOS","330900","???","ZHOUSHANSHI","0.0","0.0","0.0","0","0.0","0.0"
"POINT (122.74815724375867 30.709574236404993)","130","0.0","0.0","1406.0","4386.0","ZOS","330900","???","ZHOUSHANSHI","0.0","0.0","0.0","0","0.0","0.0"
"POINT (122.94880218788953 30.16741611575026)","177","0.0","0.0","1453.0","4569.0","ZOS","330900","???","ZHOUSHANSHI","0.0","0.0","0.0","0","0.0","0.0"
"POINT (122.78613332466023 30.784803422398106)","131","0.0","0.0","1407.0","4367.0","ZOS","330900","???","ZHOUSHANSHI","0.0","0.0","0.0","0","0.0","0.0"
"POINT (122.7680805299893 30.792658052487074)","132","0.0","0.0","1408.0","4365.0","ZOS","330900","???","ZHOUSHANSHI","0.0","0.0","0.0","0","0.0","0.0"
"POINT (122.75682848823178 30.79943243799297)","133","0.0","0.0","1409.0","4363.0","ZOS","330900","???","ZHOUSHANSHI","0.0","0.0","0.0","0","0.0","0.0"
"POINT (122.75551618974201 30.80747919665788)","134","0.0","0.0","1410.0","4361.0","ZOS","330900","???","ZHOUSHANSHI","0.0","0.0","0.0","0","0.0","0.0"
"POINT (122.73763413295002 30.809704649616723)","135","0.0","0.0","1411.0","4360.0","ZOS","330900","???","ZHOUSHANSHI","0.0","0.0","0.0","0","0.0","0.0"
"POINT (121.9695805609544 30.056065216383814)","259","0.0","0.0","1535.0","4597.0","ZOS","330900","???","ZHOUSHANSHI","0.0","0.0","0.0","0","0.0","0.0"
"POINT (122.24438555959583 31.419414123853333)","12","0.0","0.0","653.0","4324.0","","310100","????","SHANGHAICHENGQU","0.0","0.0","0.0","0","0.0","0.0"
"POINT (122.72581985129125 30.789231315942807)","136","0.0","0.0","1412.0","4366.0","ZOS","330900","???","ZHOUSHANSHI","0.0","0.0","0.0","0","0.0","0.0"
"POINT (122.66385142663522 30.756711926678047)","137","0.0","0.0","1413.0","4375.0","ZOS","330900","???","ZHOUSHANSHI","0.0","0.0","0.0","0","0.0","0.0"
"POINT (122.65713731681254 30.76784902507841)","138","0.0","0.0","1414.0","4371.0","ZOS","330900","???","ZHOUSHANSHI","0.0","0.0","0.0","0","0.0","0.0"
"POINT (122.6715432214761 30.785725001532445)","139","0.0","0.0","1415.0","4369.0","ZOS","330900","???","ZHOUSHANSHI","0.0","0.0","0.0","0","0.0","0.0"
"POINT (122.66700352430847 30.794046934836036)","140","0.0","0.0","1416.0","4364.0","ZOS","330900","???","ZHOUSHANSHI","0.0","0.0","0.0","0","0.0","0.0"
"POINT (122.66700459713418 30.80753149723429)","141","0.0","0.0","1417.0","4362.0","ZOS","330900","???","ZHOUSHANSHI","0.0","0.0","0.0","0","0.0","0.0"
"POINT (122.53423247909647 30.665665413043396)","143","0.0","0.0","1419.0","4398.0","ZOS","330900","???","ZHOUSHANSHI","0.0","0.0","0.0","0","0.0","0.0"
"POINT (122.46234076894477 30.621639515219684)","144","0.0","0.0","1420.0","4406.0","ZOS","330900","???","ZHOUSHANSHI","0.0","0.0","0.0","0","0.0","0.0"
"POINT (122.42818007891366 30.61824200574328)","145","0.0","0.0","1421.0","4407.0","ZOS","330900","???","ZHOUSHANSHI","0.0","0.0","0.0","0","0.0","0.0"
"POINT (122.51796728937639 30.64400380337867)","146","0.0","0.0","1422.0","4402.0","ZOS","330900","???","ZHOUSHANSHI","0.0","0.0","0.0","0","0.0","0.0"
"POINT (121.90599854625307 31.220459640521014)","13","0.0","0.0","654.0","4330.0","","310100","????","SHANGHAICHENGQU","0.0","0.0","0.0","0","0.0","0.0"
"POINT (122.36403270235823 30.593294828383847)","147","0.0","0.0","1423.0","4413.0","ZOS","330900","???","ZHOUSHANSHI","0.0","0.0","0.0","0","0.0","0.0"
"POINT (122.33510773454518 30.594733141381084)","148","0.0","0.0","1424.0","4415.0","ZOS","330900","???","ZHOUSHANSHI","0.0","0.0","0.0","0","0.0","0.0"
"POINT (122.30248330929027 29.93231976316615)","270","0.0","0.0","1546.0","6203.0","ZOS","330900","???","ZHOUSHANSHI","0.0","0.0","0.0","0","0.0","0.0"
"POINT (122.14255195896507 30.56418073772262)","149","0.0","0.0","1425.0","4429.0","ZOS","330900","???","ZHOUSHANSHI","0.0","0.0","0.0","0","0.0","0.0"
"POINT (122.15861987643041 30.582416060433097)","150","0.0","0.0","1426.0","4421.0","ZOS","330900","???","ZHOUSHANSHI","0.0","0.0","0.0","0","0.0","0.0"
"POINT (122.13258860889722 30.588229795992085)","151","0.0","0.0","1427.0","4418.0","ZOS","330900","???","ZHOUSHANSHI","0.0","0.0","0.0","0","0.0","0.0"
"POINT (122.14396164501674 30.61464306465004)","152","0.0","0.0","1428.0","4411.0","ZOS","330900","???","ZHOUSHANSHI","0.0","0.0","0.0","0","0.0","0.0"
"POINT (122.07415775216907 30.58657308356908)","153","0.0","0.0","1429.0","6526.0","ZOS","330900","???","ZHOUSHANSHI","0.0","0.0","0.0","0","0.0","0.0"
"POINT (122.05533543979719 30.710800577982088)","154","0.0","0.0","1430.0","4384.0","ZOS","330900","???","ZHOUSHANSHI","0.0","0.0","0.0","0","0.0","0.0"
"POINT (122.26775605608648 30.518091027602182)","155","0.0","0.0","1431.0","4431.0","ZOS","330900","???","ZHOUSHANSHI","0.0","0.0","0.0","0","0.0","0.0"
"POINT (121.40749857112895 30.704265363074928)","14","0.0","0.0","655.0","4387.0","","310100","????","SHANGHAICHENGQU","0.0","0.0","0.0","0","0.0","0.0"
"POINT (122.872532899227 30.158713863418242)","178","0.0","0.0","1454.0","4571.0","ZOS","330900","???","ZHOUSHANSHI","0.0","0.0","0.0","0","0.0","0.0"
"POINT (122.33444233039641 30.515380793421716)","156","0.0","0.0","1432.0","4430.0","ZOS","330900","???","ZHOUSHANSHI","0.0","0.0","0.0","0","0.0","0.0"
"POINT (122.4743520714316 30.747986049247046)","157","0.0","0.0","1433.0","4377.0","ZOS","330900","???","ZHOUSHANSHI","0.0","0.0","0.0","0","0.0","0.0"
"POINT (122.44950266901292 30.764695775528345)","158","0.0","0.0","1434.0","4373.0","ZOS","330900","???","ZHOUSHANSHI","0.0","0.0","0.0","0","0.0","0.0"
"POINT (122.39613802496802 30.765914576521613)","159","0.0","0.0","1435.0","4372.0","ZOS","330900","???","ZHOUSHANSHI","0.0","0.0","0.0","0","0.0","0.0"
"POINT (122.39209775355206 30.75325125359373)","160","0.0","0.0","1436.0","4374.0","ZOS","330900","???","ZHOUSHANSHI","0.0","0.0","0.0","0","0.0","0.0"
"POINT (122.38847753274537 30.597670910660508)","161","0.0","0.0","1437.0","4414.0","ZOS","330900","???","ZHOUSHANSHI","0.0","0.0","0.0","0","0.0","0.0"
"POINT (122.77097614352982 30.132403162386296)","179","0.0","0.0","1455.0","4572.0","ZOS","330900","???","ZHOUSHANSHI","0.0","0.0","0.0","0","0.0","0.0"
"POINT (122.19595050408364 29.759893717028323)","286","0.0","0.0","1562.0","4666.0","ZOS","330900","???","ZHOUSHANSHI","0.0","0.0","0.0","0","0.0","0.0"
"POINT (122.3129327416847 30.495436942530688)","162","0.0","0.0","1438.0","4438.0","ZOS","330900","???","ZHOUSHANSHI","0.0","0.0","0.0","0","0.0","0.0"
"POINT (121.42411360442162 30.68980072206525)","15","0.0","0.0","656.0","4392.0","","310100","????","SHANGHAICHENGQU","0.0","0.0","0.0","0","0.0","0.0"
"POINT (122.27706727138215 30.480830788357466)","163","0.0","0.0","1439.0","4445.0","ZOS","330900","???","ZHOUSHANSHI","0.0","0.0","0.0","0","0.0","0.0"
"POINT (122.37596716963907 30.483381339402435)","164","0.0","0.0","1440.0","4442.0","ZOS","330900","???","ZHOUSHANSHI","0.0","0.0","0.0","0","0.0","0.0"
"POINT (122.41512113165405 30.48340373493618)","165","0.0","0.0","1441.0","4443.0","ZOS","330900","???","ZHOUSHANSHI","0.0","0.0","0.0","0","0.0","0.0"
"POINT (122.2741721768134 30.435400189762174)","166","0.0","0.0","1442.0","4461.0","ZOS","330900","???","ZHOUSHANSHI","0.0","0.0","0.0","0","0.0","0.0"
"POINT (122.44967452803483 30.437277266053652)","167","0.0","0.0","1443.0","4457.0","ZOS","330900","???","ZHOUSHANSHI","0.0","0.0","0.0","0","0.0","0.0"
"POINT (122.45596331574936 30.434936496753124)","168","0.0","0.0","1444.0","4460.0","ZOS","330900","???","ZHOUSHANSHI","0.0","0.0","0.0","0","0.0","0.0"
"POINT (122.72159410347896 30.174192871311124)","180","0.0","0.0","1456.0","4570.0","ZOS","330900","???","ZHOUSHANSHI","0.0","0.0","0.0","0","0.0","0.0"
"POINT (121.53136156697002 28.10594245967324)","417","0.0","0.0","1693.0","4802.0","TZZ","331000","???","TAIZHOUSHI","0.0","0.0","0.0","0","0.0","0.0"
"POINT (122.47054711666682 30.424671484902092)","169","0.0","0.0","1445.0","4453.0","ZOS","330900","???","ZHOUSHANSHI","0.0","0.0","0.0","0","0.0","0.0"
"POINT (122.47327008703093 30.40712416468533)","170","0.0","0.0","1446.0","4471.0","ZOS","330900","???","ZHOUSHANSHI","0.0","0.0","0.0","0","0.0","0.0"
"POINT (121.42735877669034 30.68127974141178)","16","0.0","0.0","657.0","4396.0","","310100","????","SHANGHAICHENGQU","0.0","0.0","0.0","0","0.0","0.0"
"POINT (122.49364618552895 30.41049209088083)","171","0.0","0.0","1447.0","4469.0","ZOS","330900","???","ZHOUSHANSHI","0.0","0.0","0.0","0","0.0","0.0"
"POINT (122.50445326225108 30.408683261711268)","172","0.0","0.0","1448.0","4470.0","ZOS","330900","???","ZHOUSHANSHI","0.0","0.0","0.0","0","0.0","0.0"
"POINT (122.50636775832629 30.437920623612392)","173","0.0","0.0","1449.0","4452.0","ZOS","330900","???","ZHOUSHANSHI","0.0","0.0","0.0","0","0.0","0.0"
"POINT (122.51670755687978 30.43551296865793)","174","0.0","0.0","1450.0","4458.0","ZOS","330900","???","ZHOUSHANSHI","0.0","0.0","0.0","0","0.0","0.0"
"POINT (122.52978850737624 30.432866063130017)","175","0.0","0.0","1451.0","4462.0","ZOS","330900","???","ZHOUSHANSHI","0.0","0.0","0.0","0","0.0","0.0"
"POINT (122.94861503201909 30.169674465867306)","176","0.0","0.0","1452.0","4566.0","ZOS","330900","???","ZHOUSHANSHI","0.0","0.0","0.0","0","0.0","0.0"
"POINT (122.70831529070655 30.198465968384184)","181","0.0","0.0","1457.0","4557.0","ZOS","330900","???","ZHOUSHANSHI","0.0","0.0","0.0","0","0.0","0.0"
"POINT (122.68464989750912 30.19673133623782)","182","0.0","0.0","1458.0","4554.0","ZOS","330900","???","ZHOUSHANSHI","0.0","0.0","0.0","0","0.0","0.0"
"POINT (122.64646875251043 30.20011556367724)","183","0.0","0.0","1459.0","4549.0","ZOS","330900","???","ZHOUSHANSHI","0.0","0.0","0.0","0","0.0","0.0"
"POINT (122.5951086477342 30.208567145315318)","184","0.0","0.0","1460.0","4550.0","ZOS","330900","???","ZHOUSHANSHI","0.0","0.0","0.0","0","0.0","0.0"
"POINT (117.25506508560288 30.48555950557619)","19","0.0","0.0","686.0","6646.0","CIZ","341700","???","CHIZHOUSHI","117.491568","30.6648","0.0","0","117.489156","30.656037"
"POINT (122.58894844776732 30.19997956659642)","185","0.0","0.0","1461.0","4558.0","ZOS","330900","???","ZHOUSHANSHI","0.0","0.0","0.0","0","0.0","0.0"
"POINT (122.56961502808656 30.208852462827615)","186","0.0","0.0","1462.0","4551.0","ZOS","330900","???","ZHOUSHANSHI","0.0","0.0","0.0","0","0.0","0.0"
"POINT (122.56870242640002 30.21812254621717)","187","0.0","0.0","1463.0","4546.0","ZOS","330900","???","ZHOUSHANSHI","0.0","0.0","0.0","0","0.0","0.0"
"POINT (122.56201322494356 30.220200759054862)","188","0.0","0.0","1464.0","4544.0","ZOS","330900","???","ZHOUSHANSHI","0.0","0.0","0.0","0","0.0","0.0"
"POINT (122.55849723799611 30.226142792398655)","189","0.0","0.0","1465.0","4536.0","ZOS","330900","???","ZHOUSHANSHI","0.0","0.0","0.0","0","0.0","0.0"
"POINT (122.56170208645257 30.22638009338103)","190","0.0","0.0","1466.0","6539.0","ZOS","330900","???","ZHOUSHANSHI","0.0","0.0","0.0","0","0.0","0.0"
"POINT (122.52557069967347 30.227977254256807)","191","0.0","0.0","1467.0","4533.0","ZOS","330900","???","ZHOUSHANSHI","0.0","0.0","0.0","0","0.0","0.0"
"POINT (122.4908613162234 30.2238367671653)","192","0.0","0.0","1468.0","4531.0","ZOS","330900","???","ZHOUSHANSHI","0.0","0.0","0.0","0","0.0","0.0"
"POINT (122.4930716866292 30.24692403029747)","193","0.0","0.0","1469.0","4521.0","ZOS","330900","???","ZHOUSHANSHI","0.0","0.0","0.0","0","0.0","0.0"
"POINT (122.49477200883857 30.24351029712324)","194","0.0","0.0","1470.0","4527.0","ZOS","330900","???","ZHOUSHANSHI","0.0","0.0","0.0","0","0.0","0.0"
"POINT (121.04352283280458 27.511033615159807)","3","0.0","0.0","41.0","57.0","$HAIYU","330300","??","","0.0","0.0","0.0","0","0.0","0.0"
"POINT (117.2899335047513 30.45461721746286)","20","0.0","0.0","687.0","4440.0","TOL","340700","???","TONGLINGSHI","0.0","0.0","0.0","0","0.0","0.0"
"POINT (122.46650624422415 30.242292908937344)","195","0.0","0.0","1471.0","4526.0","ZOS","330900","???","ZHOUSHANSHI","0.0","0.0","0.0","0","0.0","0.0"
"POINT (122.44146789778195 30.243465260247334)","196","0.0","0.0","1472.0","4525.0","ZOS","330900","???","ZHOUSHANSHI","0.0","0.0","0.0","0","0.0","0.0"
"POINT (122.3672636789541 30.27835231195348)","197","0.0","0.0","1473.0","4512.0","ZOS","330900","???","ZHOUSHANSHI","0.0","0.0","0.0","0","0.0","0.0"
"POINT (122.35680566307597 30.250248286194942)","198","0.0","0.0","1474.0","6525.0","ZOS","330900","???","ZHOUSHANSHI","0.0","0.0","0.0","0","0.0","0.0"
"POINT (122.3303224521882 30.224707507013182)","199","0.0","0.0","1475.0","4538.0","ZOS","330900","???","ZHOUSHANSHI","0.0","0.0","0.0","0","0.0","0.0"
"POINT (122.37704289285675 29.955273816968653)","509","0.0","0.0","2147.0","6688.0","ZOS","330900","???","ZHOUSHANSHI","0.0","0.0","0.0","0","0.0","0.0"
"POINT (122.27510918928068 30.226059040687016)","200","0.0","0.0","1476.0","4539.0","ZOS","330900","???","ZHOUSHANSHI","0.0","0.0","0.0","0","0.0","0.0"
"POINT (122.28121076031566 30.255764391451063)","201","0.0","0.0","1477.0","6524.0","ZOS","330900","???","ZHOUSHANSHI","0.0","0.0","0.0","0","0.0","0.0"
"POINT (122.23158624979739 30.224336394311273)","202","0.0","0.0","1478.0","6201.0","ZOS","330900","???","ZHOUSHANSHI","0.0","0.0","0.0","0","0.0","0.0"
"POINT (122.19127842473581 30.221268249633322)","203","0.0","0.0","1479.0","4535.0","ZOS","330900","???","ZHOUSHANSHI","0.0","0.0","0.0","0","0.0","0.0"
"POINT (119.2828174546244 34.868162392763935)","21","0.0","0.0","1277.0","6062.0","LYG","320700","????","LIANYUNGANGSHI","0.0","0.0","0.0","0","0.0","0.0"
"POINT (122.1466184764931 30.234503913836473)","204","0.0","0.0","1480.0","4530.0","ZOS","330900","???","ZHOUSHANSHI","0.0","0.0","0.0","0","0.0","0.0"
"POINT (122.1603203180277 30.236488939752007)","211","0.0","0.0","1487.0","4529.0","ZOS","330900","???","ZHOUSHANSHI","0.0","0.0","0.0","0","0.0","0.0"
"POINT (122.13707966107323 30.216116655022248)","212","0.0","0.0","1488.0","4545.0","ZOS","330900","???","ZHOUSHANSHI","0.0","0.0","0.0","0","0.0","0.0"
"POINT (122.50309578735788 30.72086823342756)","529","0.0","0.0","2256.0","6759.0","ZOS","330900","???","ZHOUSHANSHI","0.0","0.0","0.0","0","0.0","0.0"
"POINT (122.16773661696394 30.286642638099664)","205","0.0","0.0","1481.0","4485.0","ZOS","330900","???","ZHOUSHANSHI","0.0","0.0","0.0","0","0.0","0.0"
"POINT (122.0967048539881 30.32468169976637)","206","0.0","0.0","1482.0","4497.0","ZOS","330900","???","ZHOUSHANSHI","0.0","0.0","0.0","0","0.0","0.0"
"POINT (122.02757180597264 30.30961286005604)","207","0.0","0.0","1483.0","4505.0","ZOS","330900","???","ZHOUSHANSHI","0.0","0.0","0.0","0","0.0","0.0"
"POINT (122.03642234225345 30.284509046701377)","208","0.0","0.0","1484.0","4510.0","ZOS","330900","???","ZHOUSHANSHI","0.0","0.0","0.0","0","0.0","0.0"
"POINT (122.0560632149294 30.246166704755503)","209","0.0","0.0","1485.0","4523.0","ZOS","330900","???","ZHOUSHANSHI","0.0","0.0","0.0","0","0.0","0.0"
"POINT (122.08563971837161 30.242112876455185)","210","0.0","0.0","1486.0","4528.0","ZOS","330900","???","ZHOUSHANSHI","0.0","0.0","0.0","0","0.0","0.0"
"POINT (119.38406937397656 34.75596220454811)","22","0.0","0.0","1278.0","6064.0","LYG","320700","????","LIANYUNGANGSHI","0.0","0.0","0.0","0","0.0","0.0"
"POINT (116.74432308294227 33.719327995059935)","530","0.0","0.0","2260.0","4281.0","HBE","340600","???","HUAIBEISHI","116.798265","33.955844","0.0","0","116.794664","33.971707"
"POINT (122.0827693244576 30.2071681559054)","213","0.0","0.0","1489.0","4548.0","ZOS","330900","???","ZHOUSHANSHI","0.0","0.0","0.0","0","0.0","0.0"
"POINT (122.12701925389389 30.166533594171206)","214","0.0","0.0","1490.0","4568.0","ZOS","330900","???","ZHOUSHANSHI","0.0","0.0","0.0","0","0.0","0.0"
"POINT (122.2190199055395 30.183251369504248)","215","0.0","0.0","1491.0","4564.0","ZOS","330900","???","ZHOUSHANSHI","0.0","0.0","0.0","0","0.0","0.0"
"POINT (122.03192064367697 30.20712571793308)","216","0.0","0.0","1492.0","4555.0","ZOS","330900","???","ZHOUSHANSHI","0.0","0.0","0.0","0","0.0","0.0"
"POINT (122.03228307512998 30.20383529314727)","217","0.0","0.0","1493.0","4556.0","ZOS","330900","???","ZHOUSHANSHI","0.0","0.0","0.0","0","0.0","0.0"
"POINT (122.16780817217342 30.13153291721309)","218","0.0","0.0","1494.0","4573.0","ZOS","330900","???","ZHOUSHANSHI","0.0","0.0","0.0","0","0.0","0.0"
"POINT (122.15146490218906 30.123372683855127)","219","0.0","0.0","1495.0","4577.0","ZOS","330900","???","ZHOUSHANSHI","0.0","0.0","0.0","0","0.0","0.0"
"POINT (121.89941283294534 30.336084947334278)","220","0.0","0.0","1496.0","4493.0","ZOS","330900","???","ZHOUSHANSHI","0.0","0.0","0.0","0","0.0","0.0"
"POINT (121.92993063727978 30.350323472690025)","221","0.0","0.0","1497.0","4484.0","ZOS","330900","???","ZHOUSHANSHI","0.0","0.0","0.0","0","0.0","0.0"
"POINT (121.41968039345286 32.5254431962199)","23","0.0","0.0","1279.0","6589.0","NTG","320600","???","NANTONGSHI","0.0","0.0","0.0","0","0.0","0.0"
"POINT (121.92250055559398 30.327316267262482)","222","0.0","0.0","1498.0","4495.0","ZOS","330900","???","ZHOUSHANSHI","0.0","0.0","0.0","0","0.0","0.0"
"POINT (121.8948202317034 30.225668541561106)","223","0.0","0.0","1499.0","4541.0","ZOS","330900","???","ZHOUSHANSHI","0.0","0.0","0.0","0","0.0","0.0"
"POINT (121.94529953815177 30.193973859053536)","226","0.0","0.0","1502.0","4559.0","ZOS","330900","???","ZHOUSHANSHI","0.0","0.0","0.0","0","0.0","0.0"
"POINT (122.31384519865858 30.090976027909775)","227","0.0","0.0","1503.0","4587.0","ZOS","330900","???","ZHOUSHANSHI","0.0","0.0","0.0","0","0.0","0.0"
"POINT (122.3347678446286 30.08463358185417)","228","0.0","0.0","1504.0","4594.0","ZOS","330900","???","ZHOUSHANSHI","0.0","0.0","0.0","0","0.0","0.0"
"POINT (121.89428684414659 30.215675613478098)","229","0.0","0.0","1505.0","4547.0","ZOS","330900","???","ZHOUSHANSHI","0.0","0.0","0.0","0","0.0","0.0"
"POINT (122.36371380955669 30.097940469918786)","230","0.0","0.0","1506.0","4585.0","ZOS","330900","???","ZHOUSHANSHI","0.0","0.0","0.0","0","0.0","0.0"
"POINT (122.31893229235968 30.050653854734225)","231","0.0","0.0","1507.0","4602.0","ZOS","330900","???","ZHOUSHANSHI","0.0","0.0","0.0","0","0.0","0.0"
"POINT (122.45895811440825 30.06217144266568)","232","0.0","0.0","1508.0","4598.0","ZOS","330900","???","ZHOUSHANSHI","0.0","0.0","0.0","0","0.0","0.0"
"POINT (122.48354214584444 30.055382010603324)","233","0.0","0.0","1509.0","4599.0","ZOS","330900","???","ZHOUSHANSHI","0.0","0.0","0.0","0","0.0","0.0"
"POINT (122.64938385720393 30.819361849123553)","24","0.0","0.0","1300.0","4359.0","ZOS","330900","???","ZHOUSHANSHI","0.0","0.0","0.0","0","0.0","0.0"
"POINT (122.48789419146678 30.054910646706496)","234","0.0","0.0","1510.0","4601.0","ZOS","330900","???","ZHOUSHANSHI","0.0","0.0","0.0","0","0.0","0.0"
"POINT (122.47776917591442 30.050365800644283)","235","0.0","0.0","1511.0","4600.0","ZOS","330900","???","ZHOUSHANSHI","0.0","0.0","0.0","0","0.0","0.0"
"POINT (122.43005636637348 30.03087731690933)","236","0.0","0.0","1512.0","4612.0","ZOS","330900","???","ZHOUSHANSHI","0.0","0.0","0.0","0","0.0","0.0"
"POINT (122.42131689114512 30.041729127994945)","237","0.0","0.0","1513.0","4607.0","ZOS","330900","???","ZHOUSHANSHI","0.0","0.0","0.0","0","0.0","0.0"
"POINT (122.42188431034894 30.04582064723726)","238","0.0","0.0","1514.0","4605.0","ZOS","330900","???","ZHOUSHANSHI","0.0","0.0","0.0","0","0.0","0.0"
"POINT (122.40747495754644 30.04504699018944)","239","0.0","0.0","1515.0","4606.0","ZOS","330900","???","ZHOUSHANSHI","0.0","0.0","0.0","0","0.0","0.0"
"POINT (122.40236937741955 30.036006542753093)","240","0.0","0.0","1516.0","4610.0","ZOS","330900","???","ZHOUSHANSHI","0.0","0.0","0.0","0","0.0","0.0"
"POINT (121.72647610234982 30.571470910868854)","241","0.0","0.0","1517.0","4426.0","ZOS","330900","???","ZHOUSHANSHI","0.0","0.0","0.0","0","0.0","0.0"
"POINT (121.57369629560577 30.577617518538418)","242","0.0","0.0","1518.0","4423.0","ZOS","330900","???","ZHOUSHANSHI","0.0","0.0","0.0","0","0.0","0.0"
"POINT (121.33815977886223 30.500356342278085)","243","0.0","0.0","1519.0","4436.0","JIX","330400","???","JIAXINGSHI","0.0","0.0","0.0","0","0.0","0.0"
"POINT (122.82358922437345 30.717552625355143)","25","0.0","0.0","1301.0","4378.0","ZOS","330900","???","ZHOUSHANSHI","0.0","0.0","0.0","0","0.0","0.0"
"POINT (121.33977887189532 30.495688829911764)","244","0.0","0.0","1520.0","6540.0","JIX","330400","???","JIAXINGSHI","0.0","0.0","0.0","0","0.0","0.0"
"POINT (121.33800827680709 30.492596788881666)","245","0.0","0.0","1521.0","4441.0","JIX","330400","???","JIAXINGSHI","0.0","0.0","0.0","0","0.0","0.0"
"POINT (121.30556598847808 30.50695542964865)","246","0.0","0.0","1522.0","4435.0","JIX","330400","???","JIAXINGSHI","0.0","0.0","0.0","0","0.0","0.0"
"POINT (121.5865945021492 30.285721932695218)","247","0.0","0.0","1523.0","4509.0","ZOS","330900","???","ZHOUSHANSHI","0.0","0.0","0.0","0","0.0","0.0"
"POINT (121.60208613559712 30.276859250293256)","248","0.0","0.0","1524.0","4516.0","ZOS","330900","???","ZHOUSHANSHI","0.0","0.0","0.0","0","0.0","0.0"
"POINT (121.62105872941746 30.27775171324132)","249","0.0","0.0","1525.0","4515.0","ZOS","330900","???","ZHOUSHANSHI","0.0","0.0","0.0","0","0.0","0.0"
"POINT (121.64975035872806 30.256254018494047)","250","0.0","0.0","1526.0","4519.0","ZOS","330900","???","ZHOUSHANSHI","0.0","0.0","0.0","0","0.0","0.0"
"POINT (121.59197401820312 30.259715719420754)","251","0.0","0.0","1527.0","4517.0","ZOS","330900","???","ZHOUSHANSHI","0.0","0.0","0.0","0","0.0","0.0"
"POINT (121.60108671384641 30.245368241765373)","252","0.0","0.0","1528.0","4522.0","ZOS","330900","???","ZHOUSHANSHI","0.0","0.0","0.0","0","0.0","0.0"
"POINT (121.60837718732832 30.246620591896203)","253","0.0","0.0","1529.0","4524.0","ZOS","330900","???","ZHOUSHANSHI","0.0","0.0","0.0","0","0.0","0.0"
"POINT (122.56473720822619 30.66056839904776)","26","0.0","0.0","1302.0","4397.0","ZOS","330900","???","ZHOUSHANSHI","0.0","0.0","0.0","0","0.0","0.0"
"POINT (121.72114145445522 30.26228725183499)","254","0.0","0.0","1530.0","4518.0","ZOS","330900","???","ZHOUSHANSHI","0.0","0.0","0.0","0","0.0","0.0"
"POINT (121.72281833846276 30.247438132570544)","255","0.0","0.0","1531.0","4520.0","ZOS","330900","???","ZHOUSHANSHI","0.0","0.0","0.0","0","0.0","0.0"
"POINT (121.83925269018249 30.098018775080455)","256","0.0","0.0","1532.0","4583.0","ZOS","330900","???","ZHOUSHANSHI","0.0","0.0","0.0","0","0.0","0.0"
"POINT (121.86538809431526 30.109878886395293)","257","0.0","0.0","1533.0","4579.0","ZOS","330900","???","ZHOUSHANSHI","0.0","0.0","0.0","0","0.0","0.0"
"POINT (121.93863219035198 30.091327225195265)","258","0.0","0.0","1534.0","4580.0","ZOS","330900","???","ZHOUSHANSHI","0.0","0.0","0.0","0","0.0","0.0"
"POINT (121.16917485314224 27.742605794772892)","448","0.0","0.0","1724.0","6034.0","WNZ","330300","???","WENZHOUSHI","0.0","0.0","0.0","0","0.0","0.0"
"POINT (121.98344843814914 30.074938234014386)","260","0.0","0.0","1536.0","4595.0","ZOS","330900","???","ZHOUSHANSHI","0.0","0.0","0.0","0","0.0","0.0"
"POINT (121.9748140834301 30.0936788140934)","261","0.0","0.0","1537.0","4582.0","ZOS","330900","???","ZHOUSHANSHI","0.0","0.0","0.0","0","0.0","0.0"
"POINT (121.88118940318093 30.027250859889296)","262","0.0","0.0","1538.0","6521.0","ZOS","330900","???","ZHOUSHANSHI","0.0","0.0","0.0","0","0.0","0.0"
"POINT (121.76414909823852 29.997642707645507)","263","0.0","0.0","1539.0","5578.0","NGB","330200","???","NINGBOSHI","0.0","0.0","0.0","0","0.0","0.0"
"POINT (122.28777891069842 30.642919492755464)","27","0.0","0.0","1303.0","4401.0","ZOS","330900","???","ZHOUSHANSHI","0.0","0.0","0.0","0","0.0","0.0"
"POINT (122.10267191323327 29.858435805160756)","264","0.0","0.0","1540.0","5579.0","NGB","330200","???","NINGBOSHI","0.0","0.0","0.0","0","0.0","0.0"
"POINT (122.44956816357652 29.96905979081702)","265","0.0","0.0","1541.0","4615.0","ZOS","330900","???","ZHOUSHANSHI","0.0","0.0","0.0","0","0.0","0.0"
"POINT (122.43450885030455 29.864955466528894)","266","0.0","0.0","1542.0","4641.0","ZOS","330900","???","ZHOUSHANSHI","0.0","0.0","0.0","0","0.0","0.0"
"POINT (122.4241422486141 29.87163035666284)","267","0.0","0.0","1543.0","4639.0","ZOS","330900","???","ZHOUSHANSHI","0.0","0.0","0.0","0","0.0","0.0"
"POINT (122.52350552261622 29.87789184542636)","268","0.0","0.0","1544.0","4636.0","ZOS","330900","???","ZHOUSHANSHI","0.0","0.0","0.0","0","0.0","0.0"
"POINT (122.52483938968479 29.876413881324773)","269","0.0","0.0","1545.0","4637.0","ZOS","330900","???","ZHOUSHANSHI","0.0","0.0","0.0","0","0.0","0.0"
"POINT (120.74130400693686 27.570596365558348)","478","0.0","0.0","1754.0","6546.0","WNZ","330300","???","WENZHOUSHI","0.0","0.0","0.0","0","0.0","0.0"
"POINT (122.37064033806486 29.83516316655188)","271","0.0","0.0","1547.0","4648.0","ZOS","330900","???","ZHOUSHANSHI","0.0","0.0","0.0","0","0.0","0.0"
"POINT (122.31344792223366 29.867177955721314)","272","0.0","0.0","1548.0","6520.0","ZOS","330900","???","ZHOUSHANSHI","0.0","0.0","0.0","0","0.0","0.0"
"POINT (122.2632242492676 29.869165952781213)","273","0.0","0.0","1549.0","6519.0","ZOS","330900","???","ZHOUSHANSHI","0.0","0.0","0.0","0","0.0","0.0"
"POINT (122.31413889973523 30.178348204752336)","41","0.0","0.0","1317.0","4565.0","ZOS","330900","???","ZHOUSHANSHI","0.0","0.0","0.0","0","0.0","0.0"
"POINT (122.23455510240224 29.87349637428399)","274","0.0","0.0","1550.0","4638.0","ZOS","330900","???","ZHOUSHANSHI","0.0","0.0","0.0","0","0.0","0.0"
"POINT (122.24685282430565 29.861269513162725)","275","0.0","0.0","1551.0","4643.0","ZOS","330900","???","ZHOUSHANSHI","0.0","0.0","0.0","0","0.0","0.0"
"POINT (122.3260049227325 29.8323416543477)","276","0.0","0.0","1552.0","4649.0","ZOS","330900","???","ZHOUSHANSHI","0.0","0.0","0.0","0","0.0","0.0"
"POINT (122.38405653413811 29.79233756740502)","277","0.0","0.0","1553.0","4659.0","ZOS","330900","???","ZHOUSHANSHI","0.0","0.0","0.0","0","0.0","0.0"
"POINT (122.32527891115897 29.784988017865416)","278","0.0","0.0","1554.0","4662.0","ZOS","330900","???","ZHOUSHANSHI","0.0","0.0","0.0","0","0.0","0.0"
"POINT (122.21036580034786 29.723291444398832)","287","0.0","0.0","1563.0","4671.0","ZOS","330900","???","ZHOUSHANSHI","0.0","0.0","0.0","0","0.0","0.0"
"POINT (119.87680697852214 34.5286213413928)","621","0.0","0.0","2670.0","6949.0","LYG","320700","????","LIANYUNGANGSHI","0.0","0.0","0.0","0","0.0","0.0"
"POINT (122.27774871516606 29.81446526031277)","279","0.0","0.0","1555.0","6518.0","ZOS","330900","???","ZHOUSHANSHI","0.0","0.0","0.0","0","0.0","0.0"
"POINT (122.21043996308818 29.827171786222465)","280","0.0","0.0","1556.0","4650.0","ZOS","330900","???","ZHOUSHANSHI","0.0","0.0","0.0","0","0.0","0.0"
"POINT (122.23047846874448 29.80404163193526)","281","0.0","0.0","1557.0","4653.0","ZOS","330900","???","ZHOUSHANSHI","0.0","0.0","0.0","0","0.0","0.0"
"POINT (121.62766904861476 30.60945477873998)","28","0.0","0.0","1304.0","4410.0","ZOS","330900","???","ZHOUSHANSHI","0.0","0.0","0.0","0","0.0","0.0"
"POINT (122.19424262538955 29.81274918962931)","282","0.0","0.0","1558.0","4651.0","ZOS","330900","???","ZHOUSHANSHI","0.0","0.0","0.0","0","0.0","0.0"
"POINT (122.1583749352499 29.803809049831838)","283","0.0","0.0","1559.0","4655.0","ZOS","330900","???","ZHOUSHANSHI","0.0","0.0","0.0","0","0.0","0.0"
"POINT (122.17056119893482 29.8017883909467)","284","0.0","0.0","1560.0","4654.0","ZOS","330900","???","ZHOUSHANSHI","0.0","0.0","0.0","0","0.0","0.0"
"POINT (122.18863536019533 29.791426639612652)","285","0.0","0.0","1561.0","4658.0","ZOS","330900","???","ZHOUSHANSHI","0.0","0.0","0.0","0","0.0","0.0"
"POINT (122.23258422150595 29.73572676761421)","288","0.0","0.0","1564.0","4668.0","ZOS","330900","???","ZHOUSHANSHI","0.0","0.0","0.0","0","0.0","0.0"
"POINT (122.04380746081647 29.762184812772833)","289","0.0","0.0","1565.0","4665.0","ZOS","330900","???","ZHOUSHANSHI","0.0","0.0","0.0","0","0.0","0.0"
"POINT (122.05186974127658 29.757498688125725)","290","0.0","0.0","1566.0","6541.0","ZOS","330900","???","ZHOUSHANSHI","0.0","0.0","0.0","0","0.0","0.0"
"POINT (122.02609926423743 29.738980717194977)","291","0.0","0.0","1567.0","4667.0","ZOS","330900","???","ZHOUSHANSHI","0.0","0.0","0.0","0","0.0","0.0"
"POINT (122.11213452748567 29.677900496162746)","292","0.0","0.0","1568.0","4683.0","ZOS","330900","???","ZHOUSHANSHI","0.0","0.0","0.0","0","0.0","0.0"
"POINT (122.23314175517041 29.7142776858182)","293","0.0","0.0","1569.0","4672.0","ZOS","330900","???","ZHOUSHANSHI","0.0","0.0","0.0","0","0.0","0.0"
"POINT (122.393447146173 30.300850350513773)","4","0.0","0.0","43.0","34.0","$HAIYU","330900","??","","0.0","0.0","0.0","0","0.0","0.0"
"POINT (121.1470987733902 30.59643033935692)","29","0.0","0.0","1305.0","4412.0","JIX","330400","???","JIAXINGSHI","0.0","0.0","0.0","0","0.0","0.0"
"POINT (122.28748276362182 29.687347096340563)","294","0.0","0.0","1570.0","4680.0","ZOS","330900","???","ZHOUSHANSHI","0.0","0.0","0.0","0","0.0","0.0"
"POINT (122.23291535008534 29.647408764849878)","298","0.0","0.0","1574.0","4686.0","ZOS","330900","???","ZHOUSHANSHI","0.0","0.0","0.0","0","0.0","0.0"
"POINT (122.22728285019363 29.37654371256036)","323","0.0","0.0","1599.0","4720.0","NGB","330200","???","NINGBOSHI","0.0","0.0","0.0","0","0.0","0.0"
"POINT (119.47508952887763 29.897409767173194)","622","0.0","0.0","2673.0","4428.0","HGH","330100","???","HANGZHOUSHI","120.15507","30.274084","0.0","0","120.153575","30.287458"
"POINT (122.23719689074818 29.69671196389019)","295","0.0","0.0","1571.0","4673.0","ZOS","330900","???","ZHOUSHANSHI","0.0","0.0","0.0","0","0.0","0.0"
"POINT (122.23865012294469 29.67461397489569)","296","0.0","0.0","1572.0","4682.0","ZOS","330900","???","ZHOUSHANSHI","0.0","0.0","0.0","0","0.0","0.0"
"POINT (122.23863702862515 29.659484206642553)","297","0.0","0.0","1573.0","4684.0","ZOS","330900","???","ZHOUSHANSHI","0.0","0.0","0.0","0","0.0","0.0"
"POINT (122.20696067689956 29.387394513544226)","322","0.0","0.0","1598.0","4718.0","NGB","330200","???","NINGBOSHI","0.0","0.0","0.0","0","0.0","0.0"
"POINT (119.14513821218056 34.53505459166226)","623","0.0","0.0","2676.0","6469.0","LYG","320700","????","LIANYUNGANGSHI","119.221611","34.596653","0.0","0","119.178821","34.600018"
"POINT (122.22100702562058 29.634615287760756)","299","0.0","0.0","1575.0","4687.0","ZOS","330900","???","ZHOUSHANSHI","0.0","0.0","0.0","0","0.0","0.0"
"POINT (121.59037880595756 30.593996069034826)","30","0.0","0.0","1306.0","4416.0","ZOS","330900","???","ZHOUSHANSHI","0.0","0.0","0.0","0","0.0","0.0"
"POINT (122.16625703603623 29.606742683531568)","300","0.0","0.0","1576.0","4693.0","ZOS","330900","???","ZHOUSHANSHI","0.0","0.0","0.0","0","0.0","0.0"
"POINT (122.16486979393723 29.621148277089123)","301","0.0","0.0","1577.0","4691.0","ZOS","330900","???","ZHOUSHANSHI","0.0","0.0","0.0","0","0.0","0.0"
"POINT (122.14521361024083 29.600170054060218)","302","0.0","0.0","1578.0","4694.0","ZOS","330900","???","ZHOUSHANSHI","0.0","0.0","0.0","0","0.0","0.0"
"POINT (122.15368174612395 29.612897018485818)","303","0.0","0.0","1579.0","4692.0","ZOS","330900","???","ZHOUSHANSHI","0.0","0.0","0.0","0","0.0","0.0"
"POINT (122.14873397839524 29.6295220302124)","304","0.0","0.0","1580.0","4689.0","ZOS","330900","???","ZHOUSHANSHI","0.0","0.0","0.0","0","0.0","0.0"
"POINT (122.00481194150564 29.625475868718205)","305","0.0","0.0","1581.0","5581.0","NGB","330200","???","NINGBOSHI","0.0","0.0","0.0","0","0.0","0.0"
"POINT (121.84618139531385 29.071699110004943)","349","0.0","0.0","1625.0","5605.0","NGB","330200","???","NINGBOSHI","0.0","0.0","0.0","0","0.0","0.0"
"POINT (122.02853480589462 29.615147065035963)","306","0.0","0.0","1582.0","4690.0","NGB","330200","???","NINGBOSHI","0.0","0.0","0.0","0","0.0","0.0"
"POINT (121.99903116175172 29.569213259827443)","307","0.0","0.0","1583.0","4695.0","NGB","330200","???","NINGBOSHI","0.0","0.0","0.0","0","0.0","0.0"
"POINT (122.00253325923065 29.55996552610616)","308","0.0","0.0","1584.0","4696.0","NGB","330200","???","NINGBOSHI","0.0","0.0","0.0","0","0.0","0.0"
"POINT (121.12987884705812 30.587332603016815)","31","0.0","0.0","1307.0","4419.0","JIX","330400","???","JIAXINGSHI","0.0","0.0","0.0","0","0.0","0.0"
"POINT (122.08511170583373 29.50423021335189)","309","0.0","0.0","1585.0","5583.0","NGB","330200","???","NINGBOSHI","0.0","0.0","0.0","0","0.0","0.0"
"POINT (122.01192545235209 29.503597934844763)","310","0.0","0.0","1586.0","5582.0","NGB","330200","???","NINGBOSHI","0.0","0.0","0.0","0","0.0","0.0"
"POINT (121.9883713265207 29.503625272160225)","311","0.0","0.0","1587.0","4698.0","NGB","330200","???","NINGBOSHI","0.0","0.0","0.0","0","0.0","0.0"
"POINT (121.97370618236296 29.48804250615998)","312","0.0","0.0","1588.0","5584.0","NGB","330200","???","NINGBOSHI","0.0","0.0","0.0","0","0.0","0.0"
"POINT (121.98815118214765 29.471979164310557)","313","0.0","0.0","1589.0","5585.0","NGB","330200","???","NINGBOSHI","0.0","0.0","0.0","0","0.0","0.0"
"POINT (120.64125587942516 29.732069308483442)","624","0.0","0.0","2677.0","6260.0","SXG","330600","???","SHAOXINGSHI","120.580232","30.029752","0.0","0","120.582112","29.997116"
"POINT (116.451261674102 30.573057454595777)","625","0.0","0.0","2701.0","4327.0","AQG","340800","???","ANQINGSHI","117.063754","30.543494","0.0","0","117.043551","30.508829"
"POINT (122.19049767652983 29.458930569049887)","314","0.0","0.0","1590.0","4709.0","NGB","330200","???","NINGBOSHI","0.0","0.0","0.0","0","0.0","0.0"
"POINT (122.20680331659838 29.447241936368837)","315","0.0","0.0","1591.0","4711.0","NGB","330200","???","NINGBOSHI","0.0","0.0","0.0","0","0.0","0.0"
"POINT (122.22402196630038 29.461039131000923)","316","0.0","0.0","1592.0","4707.0","NGB","330200","???","NINGBOSHI","0.0","0.0","0.0","0","0.0","0.0"
"POINT (121.12777977258449 30.5788651352872)","32","0.0","0.0","1308.0","4424.0","JIX","330400","???","JIAXINGSHI","0.0","0.0","0.0","0","0.0","0.0"
"POINT (122.23289100146174 29.463505011086774)","317","0.0","0.0","1593.0","4706.0","NGB","330200","???","NINGBOSHI","0.0","0.0","0.0","0","0.0","0.0"
"POINT (122.24114248609021 29.46210670548291)","318","0.0","0.0","1594.0","4708.0","NGB","330200","???","NINGBOSHI","0.0","0.0","0.0","0","0.0","0.0"
"POINT (122.25633487644376 29.452744485159325)","319","0.0","0.0","1595.0","4710.0","NGB","330200","???","NINGBOSHI","0.0","0.0","0.0","0","0.0","0.0"
"POINT (122.17992299336973 29.402599815594975)","320","0.0","0.0","1596.0","4715.0","NGB","330200","???","NINGBOSHI","0.0","0.0","0.0","0","0.0","0.0"
"POINT (122.19408141526397 29.37985524363067)","321","0.0","0.0","1597.0","4719.0","NGB","330200","???","NINGBOSHI","0.0","0.0","0.0","0","0.0","0.0"
"POINT (121.97585100232415 29.405370513232345)","324","0.0","0.0","1600.0","4714.0","NGB","330200","???","NINGBOSHI","0.0","0.0","0.0","0","0.0","0.0"
"POINT (122.00974043903221 29.40813037838476)","325","0.0","0.0","1601.0","4713.0","NGB","330200","???","NINGBOSHI","0.0","0.0","0.0","0","0.0","0.0"
"POINT (122.0066242601709 29.341600711676396)","326","0.0","0.0","1602.0","6059.0","NGB","330200","???","NINGBOSHI","0.0","0.0","0.0","0","0.0","0.0"
"POINT (121.98783474353499 29.28776431640426)","327","0.0","0.0","1603.0","4726.0","NGB","330200","???","NINGBOSHI","0.0","0.0","0.0","0","0.0","0.0"
"POINT (122.00800325380317 29.29396772075)","328","0.0","0.0","1604.0","4723.0","NGB","330200","???","NINGBOSHI","0.0","0.0","0.0","0","0.0","0.0"
"POINT (121.58775544849868 30.570744311898594)","33","0.0","0.0","1309.0","4427.0","ZOS","330900","???","ZHOUSHANSHI","0.0","0.0","0.0","0","0.0","0.0"
"POINT (122.03241181073938 29.285678934094182)","329","0.0","0.0","1605.0","6058.0","NGB","330200","???","NINGBOSHI","0.0","0.0","0.0","0","0.0","0.0"
"POINT (122.04102342520386 29.278126932967673)","330","0.0","0.0","1606.0","5586.0","NGB","330200","???","NINGBOSHI","0.0","0.0","0.0","0","0.0","0.0"
"POINT (122.03974549698127 29.263133672696014)","331","0.0","0.0","1607.0","5587.0","NGB","330200","???","NINGBOSHI","0.0","0.0","0.0","0","0.0","0.0"
"POINT (122.04103619791802 29.807671471036407)","332","0.0","0.0","1608.0","4652.0","NGB","330200","???","NINGBOSHI","0.0","0.0","0.0","0","0.0","0.0"
"POINT (122.0344774966758 29.79868519742714)","333","0.0","0.0","1609.0","4657.0","NGB","330200","???","NINGBOSHI","0.0","0.0","0.0","0","0.0","0.0"
"POINT (120.19978222829202 33.51256041845103)","626","0.0","0.0","2703.0","6470.0","YCK","320900","???","YANCHENGSHI","120.163561","33.347382","0.0","0","120.139997","33.377631"
"POINT (121.97948361701286 29.232347264241934)","334","0.0","0.0","1610.0","4735.0","NGB","330200","???","NINGBOSHI","0.0","0.0","0.0","0","0.0","0.0"
"POINT (121.9927767415299 29.22425078803814)","335","0.0","0.0","1611.0","4736.0","NGB","330200","???","NINGBOSHI","0.0","0.0","0.0","0","0.0","0.0"
"POINT (122.0084383045204 29.2298053167619)","336","0.0","0.0","1612.0","6056.0","NGB","330200","???","NINGBOSHI","0.0","0.0","0.0","0","0.0","0.0"
"POINT (122.06429901661367 29.214749535833654)","337","0.0","0.0","1613.0","5588.0","NGB","330200","???","NINGBOSHI","0.0","0.0","0.0","0","0.0","0.0"
"POINT (121.31573045375555 30.478344694888644)","34","0.0","0.0","1310.0","4446.0","JIX","330400","???","JIAXINGSHI","0.0","0.0","0.0","0","0.0","0.0"
"POINT (122.05959240927793 29.20529816990012)","338","0.0","0.0","1614.0","5589.0","NGB","330200","???","NINGBOSHI","0.0","0.0","0.0","0","0.0","0.0"
"POINT (122.0852048630754 29.1873260210157)","339","0.0","0.0","1615.0","5591.0","NGB","330200","???","NINGBOSHI","0.0","0.0","0.0","0","0.0","0.0"
"POINT (122.07576518688799 29.187385686440056)","340","0.0","0.0","1616.0","5590.0","NGB","330200","???","NINGBOSHI","0.0","0.0","0.0","0","0.0","0.0"
"POINT (121.9680267583448 29.17789415630399)","341","0.0","0.0","1617.0","4739.0","NGB","330200","???","NINGBOSHI","0.0","0.0","0.0","0","0.0","0.0"
"POINT (121.786272418884 29.07417816442688)","350","0.0","0.0","1626.0","5603.0","NGB","330200","???","NINGBOSHI","0.0","0.0","0.0","0","0.0","0.0"
"POINT (118.97005240294796 33.35022975728104)","627","0.0","0.0","2704.0","5629.0","HAS","320800","???","HUAIANSHI","119.015285","33.610353","0.0","0","119.021264","33.597506"
"POINT (117.21561523396046 33.85778729505748)","628","0.0","0.0","2714.0","4273.0","SUZ","341300","???","SUZHOUSHI","116.964356","33.646373","0.0","0","116.984084","33.633891"
"POINT (122.04125845641381 29.174433060762333)","342","0.0","0.0","1618.0","4738.0","NGB","330200","???","NINGBOSHI","0.0","0.0","0.0","0","0.0","0.0"
"POINT (122.05564072128462 29.129776997357155)","343","0.0","0.0","1619.0","5601.0","NGB","330200","???","NINGBOSHI","0.0","0.0","0.0","0","0.0","0.0"
"POINT (122.03490142380987 29.101699193841668)","344","0.0","0.0","1620.0","4740.0","NGB","330200","???","NINGBOSHI","0.0","0.0","0.0","0","0.0","0.0"
"POINT (122.938029298245 30.435043396568958)","35","0.0","0.0","1311.0","4454.0","ZOS","330900","???","ZHOUSHANSHI","0.0","0.0","0.0","0","0.0","0.0"
"POINT (121.98625459927767 29.085870594644845)","345","0.0","0.0","1621.0","5600.0","NGB","330200","???","NINGBOSHI","0.0","0.0","0.0","0","0.0","0.0"
"POINT (122.01650158734205 29.049260220264344)","346","0.0","0.0","1622.0","5598.0","NGB","330200","???","NINGBOSHI","0.0","0.0","0.0","0","0.0","0.0"
"POINT (122.0270628499316 29.026333298714885)","347","0.0","0.0","1623.0","5599.0","NGB","330200","???","NINGBOSHI","0.0","0.0","0.0","0","0.0","0.0"
"POINT (121.9410920624396 29.04042485797418)","348","0.0","0.0","1624.0","4746.0","NGB","330200","???","NINGBOSHI","0.0","0.0","0.0","0","0.0","0.0"
"POINT (117.33015716127795 33.10743443996219)","629","0.0","0.0","2716.0","6107.0","BBU","340300","???","BENGBUSHI","117.389719","32.916287","0.0","0","117.363228","32.939667"
"POINT (118.1400002694831 31.160302517772116)","630","0.0","0.0","2717.0","6257.0","WHI","340200","???","WUHUSHI","118.432941","31.352859","0.0","0","118.376451","31.326319"
"POINT (121.74803498237956 29.09227342524734)","351","0.0","0.0","1627.0","4742.0","TZZ","331000","???","TAIZHOUSHI","0.0","0.0","0.0","0","0.0","0.0"
"POINT (121.81567432376696 29.078924019845065)","352","0.0","0.0","1628.0","4741.0","NGB","330200","???","NINGBOSHI","0.0","0.0","0.0","0","0.0","0.0"
"POINT (121.82006934216132 29.036739913901712)","353","0.0","0.0","1629.0","5604.0","NGB","330200","???","NINGBOSHI","0.0","0.0","0.0","0","0.0","0.0"
"POINT (121.80717809224579 29.040059234231094)","354","0.0","0.0","1630.0","4747.0","NGB","330200","???","NINGBOSHI","0.0","0.0","0.0","0","0.0","0.0"
"POINT (122.94432418559933 30.437205275781732)","36","0.0","0.0","1312.0","4456.0","ZOS","330900","???","ZHOUSHANSHI","0.0","0.0","0.0","0","0.0","0.0"
"POINT (121.68511475118503 29.124389335342066)","355","0.0","0.0","1631.0","5606.0","TZZ","331000","???","TAIZHOUSHI","0.0","0.0","0.0","0","0.0","0.0"
"POINT (121.68979976462454 29.11695014050693)","356","0.0","0.0","1632.0","6055.0","TZZ","331000","???","TAIZHOUSHI","0.0","0.0","0.0","0","0.0","0.0"
"POINT (121.69025951463452 29.102078856246447)","357","0.0","0.0","1633.0","6054.0","TZZ","331000","???","TAIZHOUSHI","0.0","0.0","0.0","0","0.0","0.0"
"POINT (121.70205033961464 29.085920971234348)","358","0.0","0.0","1634.0","6053.0","TZZ","331000","???","TAIZHOUSHI","0.0","0.0","0.0","0","0.0","0.0"
"POINT (121.66445884577868 28.299782534925647)","389","0.0","0.0","1665.0","4779.0","TZZ","331000","???","TAIZHOUSHI","0.0","0.0","0.0","0","0.0","0.0"
"POINT (121.6706475147853 29.05935054879446)","359","0.0","0.0","1635.0","6052.0","TZZ","331000","???","TAIZHOUSHI","0.0","0.0","0.0","0","0.0","0.0"
"POINT (121.68524621819826 29.060719686062544)","360","0.0","0.0","1636.0","4745.0","TZZ","331000","???","TAIZHOUSHI","0.0","0.0","0.0","0","0.0","0.0"
"POINT (121.67267575248415 29.06923942054476)","361","0.0","0.0","1637.0","4744.0","TZZ","331000","???","TAIZHOUSHI","0.0","0.0","0.0","0","0.0","0.0"
"POINT (121.77785905271762 28.977223921788415)","362","0.0","0.0","1638.0","5608.0","TZZ","331000","???","TAIZHOUSHI","0.0","0.0","0.0","0","0.0","0.0"
"POINT (121.77238579036953 28.981655758605815)","363","0.0","0.0","1639.0","5607.0","TZZ","331000","???","TAIZHOUSHI","0.0","0.0","0.0","0","0.0","0.0"
"POINT (122.9328298860705 30.426922051555824)","37","0.0","0.0","1313.0","4463.0","ZOS","330900","???","ZHOUSHANSHI","0.0","0.0","0.0","0","0.0","0.0"
"POINT (121.76603953496294 28.989594630944747)","364","0.0","0.0","1640.0","4749.0","TZZ","331000","???","TAIZHOUSHI","0.0","0.0","0.0","0","0.0","0.0"
"POINT (121.79809245155194 28.962045742978766)","365","0.0","0.0","1641.0","4750.0","TZZ","331000","???","TAIZHOUSHI","0.0","0.0","0.0","0","0.0","0.0"
"POINT (121.79735487534322 28.959427747674535)","366","0.0","0.0","1642.0","6048.0","TZZ","331000","???","TAIZHOUSHI","0.0","0.0","0.0","0","0.0","0.0"
"POINT (121.80506384700512 28.95779394869416)","367","0.0","0.0","1643.0","6049.0","TZZ","331000","???","TAIZHOUSHI","0.0","0.0","0.0","0","0.0","0.0"
"POINT (121.85113742317014 28.840781020359508)","368","0.0","0.0","1644.0","4751.0","TZZ","331000","???","TAIZHOUSHI","0.0","0.0","0.0","0","0.0","0.0"
"POINT (122.2209073845167 29.68807212976085)","510","0.0","0.0","2150.0","6692.0","ZOS","330900","???","ZHOUSHANSHI","0.0","0.0","0.0","0","0.0","0.0"
"POINT (121.80921880697694 28.75472549692728)","369","0.0","0.0","1645.0","4752.0","TZZ","331000","???","TAIZHOUSHI","0.0","0.0","0.0","0","0.0","0.0"
"POINT (121.82364378401826 28.762871794369197)","370","0.0","0.0","1646.0","6047.0","TZZ","331000","???","TAIZHOUSHI","0.0","0.0","0.0","0","0.0","0.0"
"POINT (121.85718491213255 28.793459638999607)","371","0.0","0.0","1647.0","6045.0","TZZ","331000","???","TAIZHOUSHI","0.0","0.0","0.0","0","0.0","0.0"
"POINT (121.8702708573404 28.74239101231849)","372","0.0","0.0","1648.0","6046.0","TZZ","331000","???","TAIZHOUSHI","0.0","0.0","0.0","0","0.0","0.0"
"POINT (121.58389180454175 30.280438624717924)","38","0.0","0.0","1314.0","4514.0","ZOS","330900","???","ZHOUSHANSHI","0.0","0.0","0.0","0","0.0","0.0"
"POINT (121.86513576947078 28.70131955249584)","373","0.0","0.0","1649.0","5618.0","TZZ","331000","???","TAIZHOUSHI","0.0","0.0","0.0","0","0.0","0.0"
"POINT (121.89656408539496 28.668823326870758)","374","0.0","0.0","1650.0","5620.0","TZZ","331000","???","TAIZHOUSHI","0.0","0.0","0.0","0","0.0","0.0"
"POINT (122.2482154610045 28.880524440585795)","375","0.0","0.0","1651.0","5594.0","NGB","330200","???","NINGBOSHI","0.0","0.0","0.0","0","0.0","0.0"
"POINT (122.25489610661013 28.87985810530672)","376","0.0","0.0","1652.0","5595.0","NGB","330200","???","NINGBOSHI","0.0","0.0","0.0","0","0.0","0.0"
"POINT (122.26317353563962 28.88390352952729)","377","0.0","0.0","1653.0","5596.0","NGB","330200","???","NINGBOSHI","0.0","0.0","0.0","0","0.0","0.0"
"POINT (122.27746081757405 28.88529252768881)","378","0.0","0.0","1654.0","5597.0","NGB","330200","???","NINGBOSHI","0.0","0.0","0.0","0","0.0","0.0"
"POINT (121.92001611893411 28.457350101958195)","379","0.0","0.0","1655.0","4763.0","TZZ","331000","???","TAIZHOUSHI","0.0","0.0","0.0","0","0.0","0.0"
"POINT (121.85587689236691 28.427760930991454)","380","0.0","0.0","1656.0","4768.0","TZZ","331000","???","TAIZHOUSHI","0.0","0.0","0.0","0","0.0","0.0"
"POINT (121.9041585187749 28.39747932547544)","381","0.0","0.0","1657.0","5614.0","TZZ","331000","???","TAIZHOUSHI","0.0","0.0","0.0","0","0.0","0.0"
"POINT (120.7401691694004 27.57033241470346)","479","0.0","0.0","1755.0","4863.0","WNZ","330300","???","WENZHOUSHI","0.0","0.0","0.0","0","0.0","0.0"
"POINT (121.8380720322145 32.151250804525)","5","0.0","0.0","50.0","62.0","$HAIYU","320600","??","","0.0","0.0","0.0","0","0.0","0.0"
"POINT (122.38488755973691 30.231951937074232)","39","0.0","0.0","1315.0","4532.0","ZOS","330900","???","ZHOUSHANSHI","0.0","0.0","0.0","0","0.0","0.0"
"POINT (121.72793356092565 28.378667192195284)","382","0.0","0.0","1658.0","4774.0","TZZ","331000","???","TAIZHOUSHI","0.0","0.0","0.0","0","0.0","0.0"
"POINT (121.72003631859074 28.401841161848097)","383","0.0","0.0","1659.0","4770.0","TZZ","331000","???","TAIZHOUSHI","0.0","0.0","0.0","0","0.0","0.0"
"POINT (121.652750792828 28.356590735890034)","384","0.0","0.0","1660.0","4777.0","TZZ","331000","???","TAIZHOUSHI","0.0","0.0","0.0","0","0.0","0.0"
"POINT (121.68613290838846 28.387832262041716)","385","0.0","0.0","1661.0","4771.0","TZZ","331000","???","TAIZHOUSHI","0.0","0.0","0.0","0","0.0","0.0"
"POINT (121.69084812677274 28.379922069099667)","386","0.0","0.0","1662.0","4773.0","TZZ","331000","???","TAIZHOUSHI","0.0","0.0","0.0","0","0.0","0.0"
"POINT (121.68490930825169 28.37069843657449)","387","0.0","0.0","1663.0","4776.0","TZZ","331000","???","TAIZHOUSHI","0.0","0.0","0.0","0","0.0","0.0"
"POINT (121.65044003297412 28.29633604034083)","388","0.0","0.0","1664.0","4780.0","TZZ","331000","???","TAIZHOUSHI","0.0","0.0","0.0","0","0.0","0.0"
"POINT (118.85699405074327 30.68371884557086)","631","0.0","0.0","2721.0","5538.0","XCI","341800","???","XUANCHENGSHI","118.758816","30.940718","0.0","0","118.757995","30.945667"
"POINT (121.66090461174988 28.291287029079268)","390","0.0","0.0","1666.0","4781.0","TZZ","331000","???","TAIZHOUSHI","0.0","0.0","0.0","0","0.0","0.0"
"POINT (121.68390097358457 28.281446660319887)","391","0.0","0.0","1667.0","4782.0","TZZ","331000","???","TAIZHOUSHI","0.0","0.0","0.0","0","0.0","0.0"
"POINT (121.89797118316966 30.22832360816829)","40","0.0","0.0","1316.0","4537.0","ZOS","330900","???","ZHOUSHANSHI","0.0","0.0","0.0","0","0.0","0.0"
"POINT (121.68773781957671 28.270955261305716)","392","0.0","0.0","1668.0","4784.0","TZZ","331000","???","TAIZHOUSHI","0.0","0.0","0.0","0","0.0","0.0"
"POINT (121.69629483822806 28.2659356269737)","393","0.0","0.0","1669.0","4786.0","TZZ","331000","???","TAIZHOUSHI","0.0","0.0","0.0","0","0.0","0.0"
"POINT (121.73642952581689 28.26758253889817)","394","0.0","0.0","1670.0","4785.0","TZZ","331000","???","TAIZHOUSHI","0.0","0.0","0.0","0","0.0","0.0"
"POINT (121.70495269487797 28.242307946137856)","395","0.0","0.0","1671.0","4791.0","TZZ","331000","???","TAIZHOUSHI","0.0","0.0","0.0","0","0.0","0.0"
"POINT (121.70792366625878 28.248970346195964)","396","0.0","0.0","1672.0","4788.0","TZZ","331000","???","TAIZHOUSHI","0.0","0.0","0.0","0","0.0","0.0"
"POINT (121.64454186697516 28.250484213674532)","397","0.0","0.0","1673.0","4787.0","TZZ","331000","???","TAIZHOUSHI","0.0","0.0","0.0","0","0.0","0.0"
"POINT (121.63911401132874 28.226338897889136)","398","0.0","0.0","1674.0","4793.0","TZZ","331000","???","TAIZHOUSHI","0.0","0.0","0.0","0","0.0","0.0"
"POINT (118.10811538059379 32.54224362833005)","632","0.0","0.0","2759.0","6108.0","CUZ","341100","???","CHUZHOUSHI","118.317106","32.301556","0.0","0","118.316263","32.303626"
"POINT (117.36105615316364 31.760941446274327)","633","0.0","0.0","2760.0","6255.0","HFE","340100","???","HEFEISHI","117.227239","31.820586","0.0","0","117.283041","31.86119"
"POINT (121.65091336413437 28.21900926587301)","399","0.0","0.0","1675.0","4794.0","TZZ","331000","???","TAIZHOUSHI","0.0","0.0","0.0","0","0.0","0.0"
"POINT (121.75222101794378 28.615849679865782)","85","0.0","0.0","1361.0","6050.0","TZZ","331000","???","TAIZHOUSHI","0.0","0.0","0.0","0","0.0","0.0"
"POINT (121.6659465294153 28.2113947494078)","400","0.0","0.0","1676.0","4795.0","TZZ","331000","???","TAIZHOUSHI","0.0","0.0","0.0","0","0.0","0.0"
"POINT (121.57060521241006 28.24646688195958)","401","0.0","0.0","1677.0","4790.0","TZZ","331000","???","TAIZHOUSHI","0.0","0.0","0.0","0","0.0","0.0"
"POINT (121.56281212795396 28.247238361897317)","402","0.0","0.0","1678.0","6044.0","TZZ","331000","???","TAIZHOUSHI","0.0","0.0","0.0","0","0.0","0.0"
"POINT (121.55469054763444 28.2776515798882)","403","0.0","0.0","1679.0","4783.0","TZZ","331000","???","TAIZHOUSHI","0.0","0.0","0.0","0","0.0","0.0"
"POINT (121.59526304218564 28.243823687592492)","404","0.0","0.0","1680.0","4792.0","TZZ","331000","???","TAIZHOUSHI","0.0","0.0","0.0","0","0.0","0.0"
"POINT (121.61284570875353 28.246793706795412)","405","0.0","0.0","1681.0","4789.0","TZZ","331000","???","TAIZHOUSHI","0.0","0.0","0.0","0","0.0","0.0"
"POINT (121.42007141625679 28.211711940007607)","406","0.0","0.0","1682.0","4796.0","TZZ","331000","???","TAIZHOUSHI","0.0","0.0","0.0","0","0.0","0.0"
"POINT (121.4206736318833 28.206551276782385)","407","0.0","0.0","1683.0","4797.0","TZZ","331000","???","TAIZHOUSHI","0.0","0.0","0.0","0","0.0","0.0"
"POINT (121.39974884178166 28.131325268565014)","408","0.0","0.0","1684.0","6542.0","TZZ","331000","???","TAIZHOUSHI","0.0","0.0","0.0","0","0.0","0.0"
"POINT (121.48955036590905 28.09683043797806)","415","0.0","0.0","1691.0","4812.0","TZZ","331000","???","TAIZHOUSHI","0.0","0.0","0.0","0","0.0","0.0"
"POINT (121.83784669229652 30.051412633302046)","42","0.0","0.0","1318.0","4603.0","ZOS","330900","???","ZHOUSHANSHI","0.0","0.0","0.0","0","0.0","0.0"
"POINT (120.66042776101509 31.38148950932115)","634","0.0","0.0","2762.0","6864.0","SZH","320500","???","SUZHOUSHI","120.585315","31.298886","0.0","0","120.619585","31.299379"
"POINT (117.52141644290343 34.35511105444021)","635","0.0","0.0","2776.0","6501.0","XUZ","320300","???","XUZHOUSHI","117.284124","34.205768","0.0","0","117.184811","34.261792"
"POINT (121.39601284771632 28.124095645130634)","409","0.0","0.0","1685.0","4799.0","TZZ","331000","???","TAIZHOUSHI","0.0","0.0","0.0","0","0.0","0.0"
"POINT (121.40781913181662 28.088554647156098)","410","0.0","0.0","1686.0","4813.0","TZZ","331000","???","TAIZHOUSHI","0.0","0.0","0.0","0","0.0","0.0"
"POINT (121.41267652937908 28.052987276479932)","411","0.0","0.0","1687.0","4816.0","TZZ","331000","???","TAIZHOUSHI","0.0","0.0","0.0","0","0.0","0.0"
"POINT (121.41607138655309 28.03691600963206)","412","0.0","0.0","1688.0","4817.0","TZZ","331000","???","TAIZHOUSHI","0.0","0.0","0.0","0","0.0","0.0"
"POINT (121.48726640006824 28.1284222908031)","413","0.0","0.0","1689.0","4801.0","TZZ","331000","???","TAIZHOUSHI","0.0","0.0","0.0","0","0.0","0.0"
"POINT (121.49077134236614 28.132086465564743)","414","0.0","0.0","1690.0","4800.0","TZZ","331000","???","TAIZHOUSHI","0.0","0.0","0.0","0","0.0","0.0"
"POINT (121.52330635137713 28.103073495922995)","416","0.0","0.0","1692.0","4806.0","TZZ","331000","???","TAIZHOUSHI","0.0","0.0","0.0","0","0.0","0.0"
"POINT (119.64176424138019 31.622966307221514)","636","0.0","0.0","2781.0","6261.0","CZX","320400","???","CHANGZHOUSHI","119.973987","31.810689","0.0","0","119.946973","31.772752"
"POINT (122.40632297411288 30.047685896988085)","43","0.0","0.0","1319.0","4604.0","ZOS","330900","???","ZHOUSHANSHI","0.0","0.0","0.0","0","0.0","0.0"
"POINT (118.84803842689817 31.92550283881728)","637","0.0","0.0","2785.0","6853.0","NKG","320100","???","NANJINGSHI","118.796877","32.060255","0.0","0","118.767412","32.041544"
"POINT (121.53155628124203 28.070540928186745)","418","0.0","0.0","1694.0","4814.0","TZZ","331000","???","TAIZHOUSHI","0.0","0.0","0.0","0","0.0","0.0"
"POINT (121.53308641945033 28.068136643418157)","419","0.0","0.0","1695.0","4815.0","TZZ","331000","???","TAIZHOUSHI","0.0","0.0","0.0","0","0.0","0.0"
"POINT (121.27065693915323 28.00932791210558)","420","0.0","0.0","1696.0","4824.0","WNZ","330300","???","WENZHOUSHI","0.0","0.0","0.0","0","0.0","0.0"
"POINT (121.26549571241517 28.001830247797347)","421","0.0","0.0","1697.0","4827.0","WNZ","330300","???","WENZHOUSHI","0.0","0.0","0.0","0","0.0","0.0"
"POINT (121.15477759163217 28.01795849307779)","422","0.0","0.0","1698.0","4822.0","TZZ","331000","???","TAIZHOUSHI","0.0","0.0","0.0","0","0.0","0.0"
"POINT (121.05834926906654 28.008539566411564)","423","0.0","0.0","1699.0","4823.0","WNZ","330300","???","WENZHOUSHI","0.0","0.0","0.0","0","0.0","0.0"
"POINT (121.06436622445305 27.99432238095419)","424","0.0","0.0","1700.0","4825.0","WNZ","330300","???","WENZHOUSHI","0.0","0.0","0.0","0","0.0","0.0"
"POINT (121.22085916907615 27.935091683424652)","425","0.0","0.0","1701.0","4832.0","WNZ","330300","???","WENZHOUSHI","0.0","0.0","0.0","0","0.0","0.0"
"POINT (121.2285177954908 27.929375186872882)","426","0.0","0.0","1702.0","4833.0","WNZ","330300","???","WENZHOUSHI","0.0","0.0","0.0","0","0.0","0.0"
"POINT (122.25791051732321 29.75279733899492)","44","0.0","0.0","1320.0","4663.0","ZOS","330900","???","ZHOUSHANSHI","0.0","0.0","0.0","0","0.0","0.0"
"POINT (121.16915755910502 27.91885028577949)","427","0.0","0.0","1703.0","4835.0","WNZ","330300","???","WENZHOUSHI","0.0","0.0","0.0","0","0.0","0.0"
"POINT (121.12827426441183 27.916243093141038)","428","0.0","0.0","1704.0","4836.0","WNZ","330300","???","WENZHOUSHI","0.0","0.0","0.0","0","0.0","0.0"
"POINT (120.0803709662933 31.521877652477524)","638","0.0","0.0","2791.0","6262.0","WUX","320200","???","WUXISHI","120.31191","31.491169","0.0","0","120.301663","31.574729"
"POINT (121.11615262828582 27.9129188853711)","429","0.0","0.0","1705.0","4834.0","WNZ","330300","???","WENZHOUSHI","0.0","0.0","0.0","0","0.0","0.0"
"POINT (121.24407667611766 27.833795865060786)","430","0.0","0.0","1706.0","6041.0","WNZ","330300","???","WENZHOUSHI","0.0","0.0","0.0","0","0.0","0.0"
"POINT (121.25196590112517 27.832510518261888)","431","0.0","0.0","1707.0","6042.0","WNZ","330300","???","WENZHOUSHI","0.0","0.0","0.0","0","0.0","0.0"
"POINT (121.21414703938999 27.81272010255314)","432","0.0","0.0","1708.0","6043.0","WNZ","330300","???","WENZHOUSHI","0.0","0.0","0.0","0","0.0","0.0"
"POINT (121.21976203938576 27.81975356054407)","433","0.0","0.0","1709.0","4838.0","WNZ","330300","???","WENZHOUSHI","0.0","0.0","0.0","0","0.0","0.0"
"POINT (121.14530818947019 27.789959423576107)","434","0.0","0.0","1710.0","6027.0","WNZ","330300","???","WENZHOUSHI","0.0","0.0","0.0","0","0.0","0.0"
"POINT (121.13401439153233 27.785917423626515)","435","0.0","0.0","1711.0","5575.0","WNZ","330300","???","WENZHOUSHI","0.0","0.0","0.0","0","0.0","0.0"
"POINT (121.9380605420855 29.735655876034897)","45","0.0","0.0","1321.0","4669.0","NGB","330200","???","NINGBOSHI","0.0","0.0","0.0","0","0.0","0.0"
"POINT (121.13411110491148 27.785463597875278)","436","0.0","0.0","1712.0","6037.0","WNZ","330300","???","WENZHOUSHI","0.0","0.0","0.0","0","0.0","0.0"
"POINT (121.13429821232342 27.786594031815213)","437","0.0","0.0","1713.0","4845.0","WNZ","330300","???","WENZHOUSHI","0.0","0.0","0.0","0","0.0","0.0"
"POINT (121.16248291938139 27.747124919203852)","447","0.0","0.0","1723.0","6033.0","WNZ","330300","???","WENZHOUSHI","0.0","0.0","0.0","0","0.0","0.0"
"POINT (121.08656950743112 27.78354949388187)","438","0.0","0.0","1714.0","4844.0","WNZ","330300","???","WENZHOUSHI","0.0","0.0","0.0","0","0.0","0.0"
"POINT (121.0940230346615 27.800208550364328)","439","0.0","0.0","1715.0","4843.0","WNZ","330300","???","WENZHOUSHI","0.0","0.0","0.0","0","0.0","0.0"
"POINT (121.09565247719704 27.80592707204277)","440","0.0","0.0","1716.0","4841.0","WNZ","330300","???","WENZHOUSHI","0.0","0.0","0.0","0","0.0","0.0"
"POINT (121.00449884536282 27.835526946386103)","441","0.0","0.0","1717.0","4837.0","WNZ","330300","???","WENZHOUSHI","0.0","0.0","0.0","0","0.0","0.0"
"POINT (121.15590815502023 27.75425873356953)","442","0.0","0.0","1718.0","6032.0","WNZ","330300","???","WENZHOUSHI","0.0","0.0","0.0","0","0.0","0.0"
"POINT (121.14980305400863 27.758492479749165)","443","0.0","0.0","1719.0","6031.0","WNZ","330300","???","WENZHOUSHI","0.0","0.0","0.0","0","0.0","0.0"
"POINT (121.13697243092697 27.75939923026517)","444","0.0","0.0","1720.0","6029.0","WNZ","330300","???","WENZHOUSHI","0.0","0.0","0.0","0","0.0","0.0"
"POINT (122.0117995569175 29.710366668626428)","46","0.0","0.0","1322.0","4674.0","ZOS","330900","???","ZHOUSHANSHI","0.0","0.0","0.0","0","0.0","0.0"
"POINT (121.13927484677332 27.7711973068336)","445","0.0","0.0","1721.0","6028.0","WNZ","330300","???","WENZHOUSHI","0.0","0.0","0.0","0","0.0","0.0"
"POINT (121.16175071168422 27.744605338891194)","446","0.0","0.0","1722.0","6543.0","WNZ","330300","???","WENZHOUSHI","0.0","0.0","0.0","0","0.0","0.0"
"POINT (121.43902907408703 31.0720686201365)","639","0.0","0.0","2792.0","6316.0","","310100","????","SHANGHAICHENGQU","121.473701","31.230416","0.0","0","121.472644","31.231706"
"POINT (121.17301632365238 27.745377839080618)","449","0.0","0.0","1725.0","6035.0","WNZ","330300","???","WENZHOUSHI","0.0","0.0","0.0","0","0.0","0.0"
"POINT (121.17525852725684 27.748030667305454)","450","0.0","0.0","1726.0","6036.0","WNZ","330300","???","WENZHOUSHI","0.0","0.0","0.0","0","0.0","0.0"
"POINT (121.14375016283847 27.693706282028973)","451","0.0","0.0","1727.0","6022.0","WNZ","330300","???","WENZHOUSHI","0.0","0.0","0.0","0","0.0","0.0"
"POINT (121.19766109453118 27.652439983758825)","452","0.0","0.0","1728.0","6544.0","WNZ","330300","???","WENZHOUSHI","0.0","0.0","0.0","0","0.0","0.0"
"POINT (121.19433599712623 27.652755847392438)","453","0.0","0.0","1729.0","4854.0","WNZ","330300","???","WENZHOUSHI","0.0","0.0","0.0","0","0.0","0.0"
"POINT (121.19713786304827 27.663794402187218)","454","0.0","0.0","1730.0","6026.0","WNZ","330300","???","WENZHOUSHI","0.0","0.0","0.0","0","0.0","0.0"
"POINT (121.21009890304049 27.613656101313513)","455","0.0","0.0","1731.0","6545.0","WNZ","330300","???","WENZHOUSHI","0.0","0.0","0.0","0","0.0","0.0"
"POINT (122.29206475842146 29.692874552633715)","47","0.0","0.0","1323.0","4679.0","ZOS","330900","???","ZHOUSHANSHI","0.0","0.0","0.0","0","0.0","0.0"
"POINT (121.20714038158948 27.624436474907363)","456","0.0","0.0","1732.0","4859.0","WNZ","330300","???","WENZHOUSHI","0.0","0.0","0.0","0","0.0","0.0"
"POINT (121.22309995019161 27.612955329491907)","457","0.0","0.0","1733.0","4861.0","WNZ","330300","???","WENZHOUSHI","0.0","0.0","0.0","0","0.0","0.0"
"POINT (121.13391416491703 27.621964155451334)","458","0.0","0.0","1734.0","4860.0","WNZ","330300","???","WENZHOUSHI","0.0","0.0","0.0","0","0.0","0.0"
"POINT (121.93430499234297 28.703442429973837)","557","0.0","0.0","2309.0","6793.0","TZZ","331000","???","TAIZHOUSHI","0.0","0.0","0.0","0","0.0","0.0"
"POINT (121.1714229912874 27.627727762036045)","459","0.0","0.0","1735.0","4858.0","WNZ","330300","???","WENZHOUSHI","0.0","0.0","0.0","0","0.0","0.0"
"POINT (121.04848433586379 27.631637728140156)","460","0.0","0.0","1736.0","6017.0","WNZ","330300","???","WENZHOUSHI","0.0","0.0","0.0","0","0.0","0.0"
"POINT (121.04796055489494 27.638498885428973)","461","0.0","0.0","1737.0","6018.0","WNZ","330300","???","WENZHOUSHI","0.0","0.0","0.0","0","0.0","0.0"
"POINT (121.06031324684137 27.634124094642097)","462","0.0","0.0","1738.0","6019.0","WNZ","330300","???","WENZHOUSHI","0.0","0.0","0.0","0","0.0","0.0"
"POINT (121.04242343164468 27.66890645641247)","463","0.0","0.0","1739.0","4849.0","WNZ","330300","???","WENZHOUSHI","0.0","0.0","0.0","0","0.0","0.0"
"POINT (120.94431082854872 27.661212310933205)","464","0.0","0.0","1740.0","4851.0","WNZ","330300","???","WENZHOUSHI","0.0","0.0","0.0","0","0.0","0.0"
"POINT (122.20130784932941 29.4260827966354)","48","0.0","0.0","1324.0","4712.0","NGB","330200","???","NINGBOSHI","0.0","0.0","0.0","0","0.0","0.0"
"POINT (120.9331904134531 27.655308184724642)","465","0.0","0.0","1741.0","4852.0","WNZ","330300","???","WENZHOUSHI","0.0","0.0","0.0","0","0.0","0.0"
"POINT (120.9272402654016 27.649772181145313)","466","0.0","0.0","1742.0","4855.0","WNZ","330300","???","WENZHOUSHI","0.0","0.0","0.0","0","0.0","0.0"
"POINT (120.93680885356184 27.64390038921888)","467","0.0","0.0","1743.0","4856.0","WNZ","330300","???","WENZHOUSHI","0.0","0.0","0.0","0","0.0","0.0"
"POINT (120.93898830694306 27.637815914899548)","468","0.0","0.0","1744.0","4857.0","WNZ","330300","???","WENZHOUSHI","0.0","0.0","0.0","0","0.0","0.0"
"POINT (120.97740500323974 27.657298310189685)","469","0.0","0.0","1745.0","4850.0","WNZ","330300","???","WENZHOUSHI","0.0","0.0","0.0","0","0.0","0.0"
"POINT (120.90798741980856 27.695390670180466)","470","0.0","0.0","1746.0","4847.0","WNZ","330300","???","WENZHOUSHI","0.0","0.0","0.0","0","0.0","0.0"
"POINT (120.9207835219997 27.686918773178448)","471","0.0","0.0","1747.0","4846.0","WNZ","330300","???","WENZHOUSHI","0.0","0.0","0.0","0","0.0","0.0"
"POINT (120.92123583822263 27.680661896577167)","472","0.0","0.0","1748.0","4848.0","WNZ","330300","???","WENZHOUSHI","0.0","0.0","0.0","0","0.0","0.0"
"POINT (120.82880571625077 27.644068616635103)","473","0.0","0.0","1749.0","6013.0","WNZ","330300","???","WENZHOUSHI","0.0","0.0","0.0","0","0.0","0.0"
"POINT (120.84271576538627 27.6692680460892)","474","0.0","0.0","1750.0","6014.0","WNZ","330300","???","WENZHOUSHI","0.0","0.0","0.0","0","0.0","0.0"
"POINT (121.3409952653236 30.54549333902887)","6","0.0","0.0","51.0","60.0","$HAIYU","330400","??","","0.0","0.0","0.0","0","0.0","0.0"
"POINT (121.97836509504582 29.340147826967062)","49","0.0","0.0","1325.0","4721.0","NGB","330200","???","NINGBOSHI","0.0","0.0","0.0","0","0.0","0.0"
"POINT (120.83575148210646 27.68086602862342)","475","0.0","0.0","1751.0","6015.0","WNZ","330300","???","WENZHOUSHI","0.0","0.0","0.0","0","0.0","0.0"
"POINT (120.8166136817805 27.691692033197747)","476","0.0","0.0","1752.0","6016.0","WNZ","330300","???","WENZHOUSHI","0.0","0.0","0.0","0","0.0","0.0"
"POINT (120.75298042060737 27.582398100290177)","477","0.0","0.0","1753.0","4862.0","WNZ","330300","???","WENZHOUSHI","0.0","0.0","0.0","0","0.0","0.0"
"POINT (120.7342788867383 27.562335132801767)","480","0.0","0.0","1756.0","6012.0","WNZ","330300","???","WENZHOUSHI","0.0","0.0","0.0","0","0.0","0.0"
"POINT (120.72118909838423 27.553505985696393)","481","0.0","0.0","1757.0","6011.0","WNZ","330300","???","WENZHOUSHI","0.0","0.0","0.0","0","0.0","0.0"
"POINT (120.70605569294128 27.521419456999666)","482","0.0","0.0","1758.0","6547.0","WNZ","330300","???","WENZHOUSHI","0.0","0.0","0.0","0","0.0","0.0"
"POINT (120.70642244078547 27.52543164140493)","483","0.0","0.0","1759.0","6010.0","WNZ","330300","???","WENZHOUSHI","0.0","0.0","0.0","0","0.0","0.0"
"POINT (120.70645462866233 27.522911308723966)","484","0.0","0.0","1760.0","4864.0","WNZ","330300","???","WENZHOUSHI","0.0","0.0","0.0","0","0.0","0.0"
"POINT (120.6909780825638 27.50800315646504)","485","0.0","0.0","1761.0","4866.0","WNZ","330300","???","WENZHOUSHI","0.0","0.0","0.0","0","0.0","0.0"
"POINT (120.83716341655273 27.04344664262185)","486","0.0","0.0","1762.0","6548.0","WNZ","330300","???","WENZHOUSHI","0.0","0.0","0.0","0","0.0","0.0"
"POINT (121.923966445663 28.53736896899754)","50","0.0","0.0","1326.0","4761.0","TZZ","331000","???","TAIZHOUSHI","0.0","0.0","0.0","0","0.0","0.0"
"POINT (120.83395347928636 27.043043717556206)","487","0.0","0.0","1763.0","4878.0","WNZ","330300","???","WENZHOUSHI","0.0","0.0","0.0","0","0.0","0.0"
"POINT (121.22585429644374 27.942456787390128)","488","0.0","0.0","1764.0","4830.0","WNZ","330300","???","WENZHOUSHI","0.0","0.0","0.0","0","0.0","0.0"
"POINT (121.22896806181909 27.943271050818108)","489","0.0","0.0","1765.0","6555.0","WNZ","330300","???","WENZHOUSHI","0.0","0.0","0.0","0","0.0","0.0"
"POINT (121.92149864661387 28.70265377920215)","490","0.0","0.0","1766.0","4754.0","TZZ","331000","???","TAIZHOUSHI","0.0","0.0","0.0","0","0.0","0.0"
"POINT (122.17418818810714 30.139915956509466)","521","0.0","0.0","2217.0","6736.0","ZOS","330900","???","ZHOUSHANSHI","0.0","0.0","0.0","0","0.0","0.0"
"POINT (121.92770811364576 28.714203048357906)","491","0.0","0.0","1767.0","6556.0","TZZ","331000","???","TAIZHOUSHI","0.0","0.0","0.0","0","0.0","0.0"
"POINT (121.92809244424456 29.65367453938874)","492","0.0","0.0","1768.0","4685.0","NGB","330200","???","NINGBOSHI","0.0","0.0","0.0","0","0.0","0.0"
"POINT (121.99202372795268 29.631922385771023)","493","0.0","0.0","1769.0","5580.0","NGB","330200","???","NINGBOSHI","0.0","0.0","0.0","0","0.0","0.0"
"POINT (120.89452326988118 27.707542481773284)","494","0.0","0.0","1770.0","6557.0","WNZ","330300","???","WENZHOUSHI","0.0","0.0","0.0","0","0.0","0.0"
"POINT (121.41148864111335 28.10991033106915)","495","0.0","0.0","1771.0","4803.0","TZZ","331000","???","TAIZHOUSHI","0.0","0.0","0.0","0","0.0","0.0"
"POINT (121.79923757555291 28.60909399678081)","86","0.0","0.0","1362.0","6051.0","TZZ","331000","???","TAIZHOUSHI","0.0","0.0","0.0","0","0.0","0.0"
"POINT (122.34989870343037 30.439353692963447)","496","0.0","0.0","1772.0","5527.0","ZOS","330900","???","ZHOUSHANSHI","0.0","0.0","0.0","0","0.0","0.0"
"POINT (122.39032578145375 30.000972036123457)","497","0.0","0.0","1773.0","4613.0","ZOS","330900","???","ZHOUSHANSHI","0.0","0.0","0.0","0","0.0","0.0"
"POINT (121.75748682610369 28.71803879874918)","498","0.0","0.0","1774.0","6579.0","TZZ","331000","???","TAIZHOUSHI","0.0","0.0","0.0","0","0.0","0.0"
"POINT (121.73265957495524 28.713134505236717)","499","0.0","0.0","1775.0","6580.0","TZZ","331000","???","TAIZHOUSHI","0.0","0.0","0.0","0","0.0","0.0"
"POINT (121.75992887534176 28.692866791709942)","500","0.0","0.0","1776.0","6581.0","TZZ","331000","???","TAIZHOUSHI","0.0","0.0","0.0","0","0.0","0.0"
"POINT (121.77728534539534 28.691534079243894)","501","0.0","0.0","1777.0","5616.0","TZZ","331000","???","TAIZHOUSHI","0.0","0.0","0.0","0","0.0","0.0"
"POINT (121.13679755908736 28.75597873829662)","502","0.0","0.0","2118.0","6475.0","TZZ","331000","???","TAIZHOUSHI","121.420757","28.656386","0.0","0","121.428598","28.661377"
"POINT (122.1318789818909 29.720917358944455)","506","0.0","0.0","2139.0","6523.0","ZOS","330900","???","ZHOUSHANSHI","0.0","0.0","0.0","0","0.0","0.0"
"POINT (122.3078041867058 29.89248007567234)","507","0.0","0.0","2145.0","6686.0","ZOS","330900","???","ZHOUSHANSHI","0.0","0.0","0.0","0","0.0","0.0"
"POINT (122.37983053300151 29.95943085099778)","508","0.0","0.0","2146.0","6687.0","ZOS","330900","???","ZHOUSHANSHI","0.0","0.0","0.0","0","0.0","0.0"
"POINT (121.89335041291471 28.490636792918792)","51","0.0","0.0","1327.0","4762.0","TZZ","331000","???","TAIZHOUSHI","0.0","0.0","0.0","0","0.0","0.0"
"POINT (117.04890648875677 30.577326094592173)","503","0.0","0.0","2132.0","4337.0","AQG","340800","???","ANQINGSHI","117.063754","30.543494","0.0","0","117.043551","30.508829"
"POINT (121.96554804340697 30.313651332737578)","504","0.0","0.0","2133.0","4490.0","ZOS","330900","???","ZHOUSHANSHI","0.0","0.0","0.0","0","0.0","0.0"
"POINT (122.42791088368146 29.945918547968763)","505","0.0","0.0","2137.0","6679.0","ZOS","330900","???","ZHOUSHANSHI","0.0","0.0","0.0","0","0.0","0.0"
"POINT (122.17286396739549 30.137515112792922)","522","0.0","0.0","2218.0","6737.0","ZOS","330900","???","ZHOUSHANSHI","0.0","0.0","0.0","0","0.0","0.0"
"POINT (121.94948307516624 31.315941198004438)","511","0.0","0.0","2152.0","6090.0","","310100","????","SHANGHAICHENGQU","0.0","0.0","0.0","0","0.0","0.0"
"POINT (122.3860290135529 29.904329349184767)","512","0.0","0.0","2153.0","6455.0","ZOS","330900","???","ZHOUSHANSHI","0.0","0.0","0.0","0","0.0","0.0"
"POINT (122.1282371813381 30.333827807619308)","518","0.0","0.0","2196.0","6725.0","ZOS","330900","???","ZHOUSHANSHI","0.0","0.0","0.0","0","0.0","0.0"
"POINT (122.17227848413845 29.971216116946156)","519","0.0","0.0","2200.0","6158.0","ZOS","330900","???","ZHOUSHANSHI","0.0","0.0","0.0","0","0.0","0.0"
"POINT (122.45996764362624 30.749091988574122)","520","0.0","0.0","2202.0","4376.0","ZOS","330900","???","ZHOUSHANSHI","0.0","0.0","0.0","0","0.0","0.0"
"POINT (121.47968633894173 29.73115117768243)","528","0.0","0.0","2255.0","6474.0","NGB","330200","???","NINGBOSHI","121.550357","29.874556","0.0","0","121.549792","29.868388"
"POINT (121.8949612710603 28.441265217544753)","52","0.0","0.0","1328.0","4764.0","TZZ","331000","???","TAIZHOUSHI","0.0","0.0","0.0","0","0.0","0.0"
"POINT (119.71534830718686 34.87859552345589)","513","0.0","0.0","2162.0","64.0","$HAIYU","320700","??","","0.0","0.0","0.0","0","0.0","0.0"
"POINT (122.47245476196532 29.926312098322484)","514","0.0","0.0","2176.0","4621.0","ZOS","330900","???","ZHOUSHANSHI","0.0","0.0","0.0","0","0.0","0.0"
"POINT (122.45735308998046 29.936873952067852)","515","0.0","0.0","2177.0","4618.0","ZOS","330900","???","ZHOUSHANSHI","0.0","0.0","0.0","0","0.0","0.0"
"POINT (122.45157730932573 29.95210587650493)","516","0.0","0.0","2178.0","4616.0","ZOS","330900","???","ZHOUSHANSHI","0.0","0.0","0.0","0","0.0","0.0"
"POINT (122.46462285083177 29.949349476709056)","517","0.0","0.0","2179.0","4617.0","ZOS","330900","???","ZHOUSHANSHI","0.0","0.0","0.0","0","0.0","0.0"
"POINT (122.1741859047922 30.134963415970056)","523","0.0","0.0","2219.0","6738.0","ZOS","330900","???","ZHOUSHANSHI","0.0","0.0","0.0","0","0.0","0.0"
"POINT (121.56953187033469 31.636265485322305)","524","0.0","0.0","2232.0","6472.0","","310100","????","SHANGHAICHENGQU","0.0","0.0","0.0","0","0.0","0.0"
"POINT (117.01118760816667 34.19023107590089)","525","0.0","0.0","2248.0","4280.0","HBE","340600","???","HUAIBEISHI","0.0","0.0","0.0","0","0.0","0.0"
"POINT (118.8735809747161 31.510425846471943)","526","0.0","0.0","2253.0","4319.0","MAA","340500","????","MAANSHANSHI","118.506759","31.670452","0.0","0","118.507906","31.689362"
"POINT (118.85839640047581 31.516411697997594)","527","0.0","0.0","2254.0","4318.0","NKG","320100","???","NANJINGSHI","0.0","0.0","0.0","0","0.0","0.0"
"POINT (121.94225056933482 28.443365477759833)","53","0.0","0.0","1329.0","4767.0","TZZ","331000","???","TAIZHOUSHI","0.0","0.0","0.0","0","0.0","0.0"
"POINT (122.14683982446041 30.056520315436178)","531","0.0","0.0","2272.0","6522.0","ZOS","330900","???","ZHOUSHANSHI","122.207215","29.985295","0.0","0","122.106863","30.016028"
"POINT (122.08619144383006 29.502708105174868)","532","0.0","0.0","2284.0","6769.0","NGB","330200","???","NINGBOSHI","0.0","0.0","0.0","0","0.0","0.0"
"POINT (122.01656806907832 29.34024902734373)","533","0.0","0.0","2285.0","6770.0","NGB","330200","???","NINGBOSHI","0.0","0.0","0.0","0","0.0","0.0"
"POINT (122.01962551817996 29.347939877559234)","534","0.0","0.0","2286.0","6771.0","NGB","330200","???","NINGBOSHI","0.0","0.0","0.0","0","0.0","0.0"
"POINT (122.02339382520348 29.347571178390215)","535","0.0","0.0","2287.0","6772.0","NGB","330200","???","NINGBOSHI","0.0","0.0","0.0","0","0.0","0.0"
"POINT (122.03098150358919 29.348935045727686)","536","0.0","0.0","2288.0","6773.0","NGB","330200","???","NINGBOSHI","0.0","0.0","0.0","0","0.0","0.0"
"POINT (122.02450069044015 29.173996632638328)","537","0.0","0.0","2289.0","6774.0","NGB","330200","???","NINGBOSHI","0.0","0.0","0.0","0","0.0","0.0"
"POINT (121.98301995570586 29.158695498258627)","538","0.0","0.0","2290.0","6775.0","NGB","330200","???","NINGBOSHI","0.0","0.0","0.0","0","0.0","0.0"
"POINT (122.05641469921545 29.156993621961668)","539","0.0","0.0","2291.0","6776.0","NGB","330200","???","NINGBOSHI","0.0","0.0","0.0","0","0.0","0.0"
"POINT (121.9101452397229 29.069978209074936)","540","0.0","0.0","2292.0","6777.0","NGB","330200","???","NINGBOSHI","0.0","0.0","0.0","0","0.0","0.0"
"POINT (121.91438440390884 28.41223548458886)","54","0.0","0.0","1330.0","4769.0","TZZ","331000","???","TAIZHOUSHI","0.0","0.0","0.0","0","0.0","0.0"
"POINT (121.89998188626224 29.001792897619215)","541","0.0","0.0","2293.0","6778.0","NGB","330200","???","NINGBOSHI","0.0","0.0","0.0","0","0.0","0.0"
"POINT (121.78901284126043 28.353540014696616)","542","0.0","0.0","2294.0","58.0","$HAIYU","331000","??","","0.0","0.0","0.0","0","0.0","0.0"
"POINT (121.68295450021039 29.135835049941317)","543","0.0","0.0","2295.0","6779.0","TZZ","331000","???","TAIZHOUSHI","0.0","0.0","0.0","0","0.0","0.0"
"POINT (121.19472918483626 27.616472053765094)","572","0.0","0.0","2327.0","6810.0","WNZ","330300","???","WENZHOUSHI","0.0","0.0","0.0","0","0.0","0.0"
"POINT (121.64687325639022 28.359505252977414)","544","0.0","0.0","2296.0","6780.0","TZZ","331000","???","TAIZHOUSHI","0.0","0.0","0.0","0","0.0","0.0"
"POINT (121.19178629186825 27.959590247079216)","545","0.0","0.0","2297.0","6781.0","WNZ","330300","???","WENZHOUSHI","0.0","0.0","0.0","0","0.0","0.0"
"POINT (121.17610702559932 27.709025019946278)","546","0.0","0.0","2298.0","6782.0","WNZ","330300","???","WENZHOUSHI","0.0","0.0","0.0","0","0.0","0.0"
"POINT (121.12603995940226 27.687144777979594)","547","0.0","0.0","2299.0","6783.0","WNZ","330300","???","WENZHOUSHI","0.0","0.0","0.0","0","0.0","0.0"
"POINT (120.95905425750948 27.659489192628488)","548","0.0","0.0","2300.0","6784.0","WNZ","330300","???","WENZHOUSHI","0.0","0.0","0.0","0","0.0","0.0"
"POINT (121.875002040388 28.471069621995785)","549","0.0","0.0","2301.0","6785.0","TZZ","331000","???","TAIZHOUSHI","0.0","0.0","0.0","0","0.0","0.0"
"POINT (121.35954962889845 28.097153616610974)","55","0.0","0.0","1331.0","4804.0","TZZ","331000","???","TAIZHOUSHI","0.0","0.0","0.0","0","0.0","0.0"
"POINT (121.06854129246331 27.455148748075988)","550","0.0","0.0","2302.0","6786.0","WNZ","330300","???","WENZHOUSHI","0.0","0.0","0.0","0","0.0","0.0"
"POINT (122.64417358016794 30.769656511636896)","551","0.0","0.0","2303.0","6787.0","ZOS","330900","???","ZHOUSHANSHI","0.0","0.0","0.0","0","0.0","0.0"
"POINT (122.07090603147938 30.596608020509894)","552","0.0","0.0","2304.0","6788.0","ZOS","330900","???","ZHOUSHANSHI","0.0","0.0","0.0","0","0.0","0.0"
"POINT (122.49121968812358 30.21465262488084)","553","0.0","0.0","2305.0","6789.0","ZOS","330900","???","ZHOUSHANSHI","0.0","0.0","0.0","0","0.0","0.0"
"POINT (122.63183346477211 30.207842995115936)","554","0.0","0.0","2306.0","6790.0","ZOS","330900","???","ZHOUSHANSHI","0.0","0.0","0.0","0","0.0","0.0"
"POINT (122.28382220055182 29.684376618309926)","555","0.0","0.0","2307.0","6791.0","ZOS","330900","???","ZHOUSHANSHI","0.0","0.0","0.0","0","0.0","0.0"
"POINT (122.0585814817504 29.583264493760748)","556","0.0","0.0","2308.0","6792.0","NGB","330200","???","NINGBOSHI","0.0","0.0","0.0","0","0.0","0.0"
"POINT (121.91612195993041 28.696051468657878)","558","0.0","0.0","2310.0","6794.0","TZZ","331000","???","TAIZHOUSHI","0.0","0.0","0.0","0","0.0","0.0"
"POINT (122.27705882696036 28.89885384079712)","559","0.0","0.0","2311.0","6795.0","NGB","330200","???","NINGBOSHI","0.0","0.0","0.0","0","0.0","0.0"
"POINT (122.47547422910955 30.777935911262876)","560","0.0","0.0","2312.0","6796.0","ZOS","330900","???","ZHOUSHANSHI","0.0","0.0","0.0","0","0.0","0.0"
"POINT (121.51672178973223 28.088314303465086)","56","0.0","0.0","1332.0","4807.0","TZZ","331000","???","TAIZHOUSHI","0.0","0.0","0.0","0","0.0","0.0"
"POINT (122.5911204268352 30.647137401497183)","561","0.0","0.0","2313.0","6797.0","ZOS","330900","???","ZHOUSHANSHI","0.0","0.0","0.0","0","0.0","0.0"
"POINT (122.24485891928211 30.45974339906298)","562","0.0","0.0","2314.0","6798.0","ZOS","330900","???","ZHOUSHANSHI","0.0","0.0","0.0","0","0.0","0.0"
"POINT (122.30793048540606 30.473561456298576)","563","0.0","0.0","2315.0","6799.0","ZOS","330900","???","ZHOUSHANSHI","0.0","0.0","0.0","0","0.0","0.0"
"POINT (122.33818947089033 29.891167092742005)","564","0.0","0.0","2316.0","6800.0","ZOS","330900","???","ZHOUSHANSHI","0.0","0.0","0.0","0","0.0","0.0"
"POINT (122.00160878610777 29.752754705037763)","565","0.0","0.0","2317.0","6801.0","ZOS","330900","???","ZHOUSHANSHI","0.0","0.0","0.0","0","0.0","0.0"
"POINT (121.12645096133524 27.727487659752818)","566","0.0","0.0","2321.0","6804.0","WNZ","330300","???","WENZHOUSHI","0.0","0.0","0.0","0","0.0","0.0"
"POINT (121.12528335195435 27.616922194967245)","567","0.0","0.0","2322.0","6805.0","WNZ","330300","???","WENZHOUSHI","0.0","0.0","0.0","0","0.0","0.0"
"POINT (121.18747093115714 27.736227681670275)","568","0.0","0.0","2323.0","6806.0","WNZ","330300","???","WENZHOUSHI","0.0","0.0","0.0","0","0.0","0.0"
"POINT (121.18758278890247 27.710409886827133)","569","0.0","0.0","2324.0","6807.0","WNZ","330300","???","WENZHOUSHI","0.0","0.0","0.0","0","0.0","0.0"
"POINT (121.19019963391332 27.632746377866564)","570","0.0","0.0","2325.0","6808.0","WNZ","330300","???","WENZHOUSHI","0.0","0.0","0.0","0","0.0","0.0"
"POINT (121.19893241726247 27.983868699458647)","57","0.0","0.0","1333.0","4826.0","WNZ","330300","???","WENZHOUSHI","0.0","0.0","0.0","0","0.0","0.0"
"POINT (121.18969675942753 27.621926097561833)","571","0.0","0.0","2326.0","6809.0","WNZ","330300","???","WENZHOUSHI","0.0","0.0","0.0","0","0.0","0.0"
"POINT (121.21349029989442 27.60647248084555)","573","0.0","0.0","2328.0","6811.0","WNZ","330300","???","WENZHOUSHI","0.0","0.0","0.0","0","0.0","0.0"
"POINT (118.076147514562 29.904058940585887)","574","0.0","0.0","2378.0","5537.0","HSN","341000","???","HUANGSHANSHI","118.337481","29.714655","0.0","0","118.317325","29.709239"
"POINT (118.39583743873726 31.980977380622164)","575","0.0","0.0","2397.0","4297.0","NKG","320100","???","NANJINGSHI","118.796877","32.060255","0.0","0","118.767412","32.041544"
"POINT (118.4035799584227 31.975915376842106)","576","0.0","0.0","2398.0","6852.0","MAA","340500","????","MAANSHANSHI","0.0","0.0","0.0","0","0.0","0.0"
"POINT (122.17214573011036 30.17240431971922)","577","0.0","0.0","2400.0","6202.0","ZOS","330900","???","ZHOUSHANSHI","0.0","0.0","0.0","0","0.0","0.0"
"POINT (121.11060647951548 31.286514011919035)","583","0.0","0.0","2451.0","6863.0","","310100","????","SHANGHAICHENGQU","0.0","0.0","0.0","0","0.0","0.0"
"POINT (121.11245345520989 31.28456193931888)","584","0.0","0.0","2452.0","6298.0","SZH","320500","???","SUZHOUSHI","120.585315","31.298886","0.0","0","120.619585","31.299379"
"POINT (120.0614938085652 32.56923194249364)","585","0.0","0.0","2476.0","6259.0","TZS","321200","???","TAIZHOUSHI","119.923116","32.455778","0.0","0","119.915176","32.484881"
"POINT (118.5254316993874 33.78273480120121)","586","0.0","0.0","2477.0","4276.0","SUQ","321300","???","SUQIANSHI","118.275198","33.963232","0.0","0","118.275161","33.963007"
"POINT (120.75528886566114 33.718581062617105)","7","0.0","0.0","57.0","63.0","$HAIYU","320900","??","","0.0","0.0","0.0","0","0.0","0.0"
"POINT (121.0955850647145 27.96264185888917)","58","0.0","0.0","1334.0","4828.0","WNZ","330300","???","WENZHOUSHI","0.0","0.0","0.0","0","0.0","0.0"
"POINT (116.18578078700325 33.433968830546895)","587","0.0","0.0","2485.0","6106.0","BOZ","341600","???","BOZHOUSHI","115.778676","33.844582","0.0","0","115.782938","33.869338"
"POINT (122.47109804586519 30.71065660183953)","578","0.0","0.0","2401.0","6529.0","ZOS","330900","???","ZHOUSHANSHI","0.0","0.0","0.0","0","0.0","0.0"
"POINT (122.23639190482122 29.953561776652872)","579","0.0","0.0","2428.0","6186.0","ZOS","330900","???","ZHOUSHANSHI","0.0","0.0","0.0","0","0.0","0.0"
"POINT (122.0250953065177 30.67687193925746)","580","0.0","0.0","2430.0","4368.0","ZOS","330900","???","ZHOUSHANSHI","0.0","0.0","0.0","0","0.0","0.0"
"POINT (121.83711260526522 30.07199310657554)","581","0.0","0.0","2431.0","4593.0","ZOS","330900","???","ZHOUSHANSHI","0.0","0.0","0.0","0","0.0","0.0"
"POINT (119.51664002812025 28.196085033300726)","582","0.0","0.0","2448.0","6102.0","LSS","331100","???","LISHUISHI","119.922796","28.46763","0.0","0","119.921785","28.451993"
"POINT (121.04903378157519 32.18222647307179)","588","0.0","0.0","2492.0","6471.0","NTG","320600","???","NANTONGSHI","120.894291","31.980171","0.0","0","120.864608","32.016212"
"POINT (117.36971203774594 30.27991110196832)","589","0.0","0.0","2516.0","4676.0","CIZ","341700","???","CHIZHOUSHI","117.491568","30.6648","0.0","0","117.489156","30.656037"
"POINT (118.34962120745672 31.947997989795848)","590","0.0","0.0","2525.0","6870.0","NKG","320100","???","NANJINGSHI","0.0","0.0","0.0","0","0.0","0.0"
"POINT (118.36982004815938 31.63624631958182)","591","0.0","0.0","2526.0","6256.0","MAA","340500","????","MAANSHANSHI","118.506759","31.670452","0.0","0","118.507906","31.689362"
"POINT (121.1534104169848 27.809936447979148)","59","0.0","0.0","1335.0","4842.0","WNZ","330300","???","WENZHOUSHI","0.0","0.0","0.0","0","0.0","0.0"
"POINT (118.36183471770345 31.93989296785426)","592","0.0","0.0","2527.0","6871.0","MAA","340500","????","MAANSHANSHI","118.506759","31.670452","0.0","0","118.507906","31.689362"
"POINT (118.67953415029616 28.931508273119928)","593","0.0","0.0","2530.0","4699.0","QUZ","330800","???","QUZHOUSHI","118.859457","28.970079","0.0","0","118.872629","28.941707"
"POINT (117.56719324401516 30.888112570415547)","594","0.0","0.0","2532.0","4336.0","TOL","340700","???","TONGLINGSHI","117.812079","30.945429","0.0","0","117.816576","30.929935"
"POINT (119.4796341297706 32.73566313457141)","595","0.0","0.0","2539.0","6258.0","YZH","321000","???","YANGZHOUSHI","119.412966","32.39421","0.0","0","119.421003","32.393159"
"POINT (119.95680038458244 29.1147410533466)","596","0.0","0.0","2545.0","4681.0","JHA","330700","???","JINHUASHI","119.647444","29.079059","0.0","0","119.649506","29.089524"
"POINT (116.23449980630309 31.65704113524808)","597","0.0","0.0","2547.0","6254.0","LAW","341500","???","LUANSHI","116.521854","31.733699","0.0","0","116.507675","31.752889"
"POINT (119.87356393702302 30.742522041173917)","598","0.0","0.0","2548.0","4332.0","HZH","330500","???","HUZHOUSHI","120.086823","30.894348","0.0","0","120.102397","30.867198"
"POINT (120.78340776576172 30.619647348530396)","599","0.0","0.0","2556.0","6473.0","JIX","330400","???","JIAXINGSHI","120.755486","30.746129","0.0","0","120.750865","30.762653"
"POINT (115.70968499141948 32.91528468842224)","600","0.0","0.0","2557.0","4288.0","FYS","341200","???","FUYANGSHI","115.814204","32.890124","0.0","0","115.819729","32.896969"
"POINT (122.04071816376673 30.18256776735864)","601","0.0","0.0","2563.0","5577.0","ZOS","330900","???","ZHOUSHANSHI","0.0","0.0","0.0","0","0.0","0.0"
"POINT (120.84657362553025 27.066935024381216)","60","0.0","0.0","1336.0","4874.0","WNZ","330300","???","WENZHOUSHI","0.0","0.0","0.0","0","0.0","0.0"
"POINT (121.52337344729206 31.39444256995892)","602","0.0","0.0","2564.0","6872.0","","310100","????","SHANGHAICHENGQU","0.0","0.0","0.0","0","0.0","0.0"
"POINT (119.45890935332912 32.01432744614941)","603","0.0","0.0","2567.0","4304.0","ZHE","321100","???","ZHENJIANGSHI","119.425836","32.187849","0.0","0","119.452753","32.204401"
"POINT (122.62628095582497 30.81981918536688)","604","0.0","0.0","2588.0","6530.0","ZOS","330900","???","ZHOUSHANSHI","0.0","0.0","0.0","0","0.0","0.0"
"POINT (122.77853913392536 30.713501538693468)","605","0.0","0.0","2589.0","4379.0","ZOS","330900","???","ZHOUSHANSHI","0.0","0.0","0.0","0","0.0","0.0"
"POINT (122.74471679333763 30.766835088573433)","606","0.0","0.0","2590.0","6890.0","ZOS","330900","???","ZHOUSHANSHI","0.0","0.0","0.0","0","0.0","0.0"
"POINT (122.75231598860857 30.76433507730667)","607","0.0","0.0","2591.0","6891.0","ZOS","330900","???","ZHOUSHANSHI","0.0","0.0","0.0","0","0.0","0.0"
"POINT (122.41828697954 30.679269343775076)","608","0.0","0.0","2611.0","6749.0","ZOS","330900","???","ZHOUSHANSHI","0.0","0.0","0.0","0","0.0","0.0"
"POINT (116.77362182406785 32.470190537139594)","609","0.0","0.0","2642.0","6251.0","HNS","340400","???","HUAINANSHI","116.999932","32.625478","0.0","0","117.018329","32.647574"
"POINT (122.05835018370097 29.201811856320845)","610","0.0","0.0","2652.0","6937.0","NGB","330200","???","NINGBOSHI","0.0","0.0","0.0","0","0.0","0.0"
"POINT (120.78277465398914 27.676075517911922)","611","0.0","0.0","2660.0","6940.0","WNZ","330300","???","WENZHOUSHI","0.0","0.0","0.0","0","0.0","0.0"
"POINT (120.85777940405579 27.06129962691616)","61","0.0","0.0","1337.0","4875.0","WNZ","330300","???","WENZHOUSHI","0.0","0.0","0.0","0","0.0","0.0"
"POINT (120.80593191059027 27.659721722155076)","612","0.0","0.0","2661.0","6941.0","WNZ","330300","???","WENZHOUSHI","0.0","0.0","0.0","0","0.0","0.0"
"POINT (120.80605779220866 27.65742487617556)","613","0.0","0.0","2662.0","6942.0","WNZ","330300","???","WENZHOUSHI","0.0","0.0","0.0","0","0.0","0.0"
"POINT (120.91709667542563 27.71026487851565)","614","0.0","0.0","2663.0","6943.0","WNZ","330300","???","WENZHOUSHI","0.0","0.0","0.0","0","0.0","0.0"
"POINT (120.46321131236532 27.89303475543716)","615","0.0","0.0","2664.0","6476.0","WNZ","330300","???","WENZHOUSHI","120.699366","27.994267","0.0","0","120.672111","28.000574"
"POINT (121.41932020902381 28.046425467302846)","616","0.0","0.0","2665.0","6944.0","TZZ","331000","???","TAIZHOUSHI","0.0","0.0","0.0","0","0.0","0.0"
"POINT (121.7069587875597 28.373882255975786)","617","0.0","0.0","2666.0","6945.0","TZZ","331000","???","TAIZHOUSHI","0.0","0.0","0.0","0","0.0","0.0"
"POINT (121.8562512543005 28.421435437462478)","618","0.0","0.0","2667.0","6946.0","TZZ","331000","???","TAIZHOUSHI","0.0","0.0","0.0","0","0.0","0.0"
"POINT (121.85881223978159 28.425014796184723)","619","0.0","0.0","2668.0","6947.0","TZZ","331000","???","TAIZHOUSHI","0.0","0.0","0.0","0","0.0","0.0"
"POINT (121.91810606085316 28.722041722897213)","620","0.0","0.0","2669.0","6948.0","TZZ","331000","???","TAIZHOUSHI","0.0","0.0","0.0","0","0.0","0.0"
"POINT (120.84834301286911 27.05426554775916)","62","0.0","0.0","1338.0","4876.0","WNZ","330300","???","WENZHOUSHI","0.0","0.0","0.0","0","0.0","0.0"
"POINT (121.14990400213055 27.801487320556515)","63","0.0","0.0","1339.0","5574.0","WNZ","330300","???","WENZHOUSHI","0.0","0.0","0.0","0","0.0","0.0"
"POINT (122.23675190162983 28.858361225302215)","64","0.0","0.0","1340.0","5592.0","NGB","330200","???","NINGBOSHI","0.0","0.0","0.0","0","0.0","0.0"
"POINT (122.24460810218983 28.863181752787664)","65","0.0","0.0","1341.0","5593.0","NGB","330200","???","NINGBOSHI","0.0","0.0","0.0","0","0.0","0.0"
"POINT (121.7784304476117 28.7863638677624)","66","0.0","0.0","1342.0","5609.0","TZZ","331000","???","TAIZHOUSHI","0.0","0.0","0.0","0","0.0","0.0"
"POINT (121.79078441266583 28.798307203782148)","67","0.0","0.0","1343.0","5610.0","TZZ","331000","???","TAIZHOUSHI","0.0","0.0","0.0","0","0.0","0.0"
"POINT (121.97647366001117 31.195335698579377)","17","0.0","0.0","658.0","4331.0","","310100","????","SHANGHAICHENGQU","0.0","0.0","0.0","0","0.0","0.0"
"POINT (121.65081948875299 28.544158585633667)","68","0.0","0.0","1344.0","5611.0","TZZ","331000","???","TAIZHOUSHI","0.0","0.0","0.0","0","0.0","0.0"
"POINT (121.65098152263992 28.52975624050157)","69","0.0","0.0","1345.0","5612.0","TZZ","331000","???","TAIZHOUSHI","0.0","0.0","0.0","0","0.0","0.0"
"POINT (121.89334856318287 28.405776226261175)","70","0.0","0.0","1346.0","5613.0","TZZ","331000","???","TAIZHOUSHI","0.0","0.0","0.0","0","0.0","0.0"
"POINT (121.91381792257162 28.392284920186317)","71","0.0","0.0","1347.0","5615.0","TZZ","331000","???","TAIZHOUSHI","0.0","0.0","0.0","0","0.0","0.0"
"POINT (121.86200410545977 28.71959530684051)","72","0.0","0.0","1348.0","5617.0","TZZ","331000","???","TAIZHOUSHI","0.0","0.0","0.0","0","0.0","0.0"
"POINT (121.86078840814179 28.69180363955687)","73","0.0","0.0","1349.0","5619.0","TZZ","331000","???","TAIZHOUSHI","0.0","0.0","0.0","0","0.0","0.0"
"POINT (121.79133799497322 28.639776724838136)","74","0.0","0.0","1350.0","5621.0","TZZ","331000","???","TAIZHOUSHI","0.0","0.0","0.0","0","0.0","0.0"
"POINT (121.7926155136119 28.642213024708642)","75","0.0","0.0","1351.0","5622.0","TZZ","331000","???","TAIZHOUSHI","0.0","0.0","0.0","0","0.0","0.0"
"POINT (121.7968405194548 28.64890825518854)","76","0.0","0.0","1352.0","5623.0","TZZ","331000","???","TAIZHOUSHI","0.0","0.0","0.0","0","0.0","0.0"
"POINT (121.83446823638236 28.65789588789532)","77","0.0","0.0","1353.0","5624.0","TZZ","331000","???","TAIZHOUSHI","0.0","0.0","0.0","0","0.0","0.0"
"POINT (122.02334672639934 29.283836850143096)","87","0.0","0.0","1363.0","6057.0","NGB","330200","???","NINGBOSHI","0.0","0.0","0.0","0","0.0","0.0"
"POINT (121.81436568724261 28.604822413349353)","78","0.0","0.0","1354.0","5625.0","TZZ","331000","???","TAIZHOUSHI","0.0","0.0","0.0","0","0.0","0.0"
"POINT (121.81454064283888 28.599497847970326)","79","0.0","0.0","1355.0","5626.0","TZZ","331000","???","TAIZHOUSHI","0.0","0.0","0.0","0","0.0","0.0"
"POINT (121.86743769477152 28.612082212373373)","80","0.0","0.0","1356.0","5627.0","TZZ","331000","???","TAIZHOUSHI","0.0","0.0","0.0","0","0.0","0.0"
"POINT (121.14909565898779 27.774395061884537)","81","0.0","0.0","1357.0","6030.0","WNZ","330300","???","WENZHOUSHI","0.0","0.0","0.0","0","0.0","0.0"
"POINT (121.16585894911303 27.906561599180236)","82","0.0","0.0","1358.0","6038.0","WNZ","330300","???","WENZHOUSHI","0.0","0.0","0.0","0","0.0","0.0"
"POINT (121.22135809771582 27.84227778611171)","83","0.0","0.0","1359.0","6039.0","WNZ","330300","???","WENZHOUSHI","0.0","0.0","0.0","0","0.0","0.0"
"POINT (121.21945752944099 27.837877586298134)","84","0.0","0.0","1360.0","6040.0","WNZ","330300","???","WENZHOUSHI","0.0","0.0","0.0","0","0.0","0.0"
"POINT (122.07956802161704 29.986413319427104)","88","0.0","0.0","1364.0","6155.0","ZOS","330900","???","ZHOUSHANSHI","0.0","0.0","0.0","0","0.0","0.0"
"POINT (122.09907214611893 29.994174597825793)","89","0.0","0.0","1365.0","6156.0","ZOS","330900","???","ZHOUSHANSHI","0.0","0.0","0.0","0","0.0","0.0"
"POINT (122.04997343642675 29.98317973728879)","90","0.0","0.0","1366.0","6157.0","ZOS","330900","???","ZHOUSHANSHI","0.0","0.0","0.0","0","0.0","0.0"
"POINT (122.0991161193005 29.321211318258314)","8","0.0","0.0","58.0","59.0","$HAIYU","330200","??","","0.0","0.0","0.0","0","0.0","0.0"
"POINT (122.10803125189454 29.98028601085384)","91","0.0","0.0","1367.0","6159.0","ZOS","330900","???","ZHOUSHANSHI","0.0","0.0","0.0","0","0.0","0.0"
"POINT (122.11816959521444 29.96886746285816)","92","0.0","0.0","1368.0","6160.0","ZOS","330900","???","ZHOUSHANSHI","0.0","0.0","0.0","0","0.0","0.0"
"POINT (122.13603327118659 29.96454837839417)","93","0.0","0.0","1369.0","6161.0","ZOS","330900","???","ZHOUSHANSHI","0.0","0.0","0.0","0","0.0","0.0"
"POINT (122.04241260652213 29.948372774335176)","94","0.0","0.0","1370.0","6162.0","ZOS","330900","???","ZHOUSHANSHI","0.0","0.0","0.0","0","0.0","0.0"
"POINT (122.15249133451137 29.9542618137367)","95","0.0","0.0","1371.0","6163.0","ZOS","330900","???","ZHOUSHANSHI","0.0","0.0","0.0","0","0.0","0.0"
"POINT (122.0881757973228 29.94521927722017)","96","0.0","0.0","1372.0","6164.0","ZOS","330900","???","ZHOUSHANSHI","0.0","0.0","0.0","0","0.0","0.0"
"POINT (122.11864113326467 29.948271994564873)","97","0.0","0.0","1373.0","6165.0","ZOS","330900","???","ZHOUSHANSHI","0.0","0.0","0.0","0","0.0","0.0"
"POINT (122.13472474402148 29.97831926208301)","98","0.0","0.0","1374.0","6166.0","ZOS","330900","???","ZHOUSHANSHI","0.0","0.0","0.0","0","0.0","0.0"
"POINT (122.13849403682006 29.97323645784091)","99","0.0","0.0","1375.0","6167.0","ZOS","330900","???","ZHOUSHANSHI","0.0","0.0","0.0","0","0.0","0.0"
"POINT (121.90006804700364 30.22385541557566)","224","0.0","0.0","1500.0","4542.0","ZOS","330900","???","ZHOUSHANSHI","0.0","0.0","0.0","0","0.0","0.0"
